gt_to_pred_mean,gt_to_pred_std,gt_to_pred_max,pred_to_gt_mean,pred_to_gt_std,pred_to_gt_max,gt_boundary_length,pred_boundary_length,case_id,slice_idx
0.9882565388028012,0.847504730223257,3.0,0.9395953558280885,0.7692443295161353,2.8284271247461903,59,59,case_00154,323
0.5344887651767585,0.585570822762928,2.0,0.6555316695470896,0.6416709786603658,2.8284271247461903,164,140,case_00079,379
0.6262451282251473,0.581647224075709,2.23606797749979,0.7167422917561033,0.6314906865569825,2.8284271247461903,160,141,case_00079,409
1.3461837815767739,1.1503836084361774,4.123105625617661,1.1743844256457459,0.9559940737664506,3.605551275463989,58,59,case_00154,339
0.6086022299544745,0.7212146624799255,3.0,0.7034654833316241,0.905219325935278,5.0,210,201,case_00102,384
0.5514705882352942,0.5533301979455644,2.0,0.6331750685401997,0.5671595699099186,2.0,155,136,case_00079,415
0.9781197389230382,0.7228059511347387,3.0,1.0838360949803778,0.7614753927495884,3.0,110,96,case_00134,336
1.0950540200304242,1.0029879851440955,4.0,1.2753744839012513,1.1036210904589694,5.385164807134504,193,156,case_00113,395
0.8315711429030193,0.8202624699218442,3.1622776601683795,0.8849962779288104,0.8039645843200335,3.1622776601683795,142,129,case_00079,429
0.5567512789738117,0.5632945416331959,2.0,0.6495893897285501,0.6382020976422882,2.8284271247461903,123,110,case_00079,439
0.6492276308425848,0.6754267725498769,2.0,0.7579034569912714,0.7075184449049227,2.23606797749979,160,139,case_00079,376
0.6408746807614213,0.598757390592981,2.0,0.6749925725972303,0.6065595096140843,2.0,68,65,case_00115,322
0.8431372549019608,0.6377825869525723,2.0,1.2357979471859593,1.0237899684429388,5.0,73,51,case_00079,461
1.094019153097813,0.8497299639144563,3.0,1.0078752766503913,0.7049879002773095,2.8284271247461903,39,37,case_00086,413
0.7290790557990391,0.6010830834854067,2.0,0.740871771525468,0.5596230728570403,1.4142135623730951,29,28,case_00194,172
0.9979828953317169,1.4871372870171216,5.385164807134504,0.5824483498974493,0.7620721223753947,3.0,50,53,case_00133,172
4.30773615277271,5.637614296170028,16.0,0.7850956369491844,0.5463684268555706,2.0,47,56,case_00161,127
1.1192598798337974,1.1037323331903972,4.0,1.288441514080842,1.207037589053801,5.656854249492381,188,155,case_00113,402
0.7931190208286332,0.43101860007967757,1.4142135623730951,0.75,0.4330127018922193,1.0,24,27,case_00203,416
0.8458700050181893,0.7421645925511507,3.605551275463989,0.8935382328010185,0.8091442556941455,4.242640687119285,192,184,case_00102,322
0.6698113207547169,0.6100061569934796,3.0,0.8087741225665943,0.676014444947552,3.1622776601683795,126,106,case_00134,342
0.45044417382415924,0.6251800110911022,2.0,0.4926468767748367,0.5977449747208243,2.0,35,32,case_00075,343
0.7941176470588235,0.8838223059598072,3.0,0.8284735531428636,0.8494270472412234,3.0,76,68,case_00161,156
0.5806451612903226,0.6234241319383127,2.0,0.6989371534018698,0.6560531796382135,2.8284271247461903,148,124,case_00079,361
0.5788252421852338,0.6578894146179495,2.0,0.6835634143213648,0.7078100217256651,2.23606797749979,63,56,case_00154,333
0.9234066857533136,0.713043619855891,3.0,0.8826176824187131,0.61898965164531,2.0,37,36,case_00075,348
0.8254938763382076,0.7785509356969043,3.0,1.09628968079745,0.9704322126592712,4.0,195,153,case_00113,390
0.6126007977866527,0.5213243578431459,1.4142135623730951,0.5625,0.49607837082461076,1.0,16,17,case_00014,170
0.9009566649169903,0.791753483838072,3.605551275463989,0.9899422538210619,0.8479027451792284,3.605551275463989,186,171,case_00102,399
0.6076035364446142,0.6509032841806387,2.23606797749979,0.7042776558231457,0.6742479272929743,2.8284271247461903,162,140,case_00079,381
0.7334119252118835,0.7055644787482461,2.0,0.7392204020019555,0.6990285520365482,2.23606797749979,57,56,case_00086,397
1.036056138371238,0.8767513566007032,3.1622776601683795,1.0604577284491354,0.9532904801296578,4.0,60,57,case_00154,338
0.868421052631579,0.6755525080522862,3.0,0.9151168051056894,0.6984715010882211,3.1622776601683795,83,76,case_00161,149
0.4724438258837925,0.5901062640006935,2.0,0.5839714932882635,0.6831322000308458,2.8284271247461903,78,70,case_00133,156
0.6715247841139085,0.6069907118174568,2.23606797749979,1.1435951061962468,2.4022118153137564,19.235384061671343,255,227,case_00102,358
1.3072563584013217,0.8276594754841567,3.605551275463989,1.1271975303602024,0.6190895584614671,2.23606797749979,26,33,case_00194,174
0.9785799826017082,0.926156484097507,3.0,0.9479579262180693,0.9205474002744692,3.0,63,65,case_00154,327
0.7586047252170866,0.8385746212880953,4.0,1.6418646902034888,2.057285602836381,9.219544457292887,167,122,case_00102,300
0.6786389230897535,0.6831705053208217,2.23606797749979,0.812982640143824,0.7525503000447911,3.0,132,110,case_00079,350
1.1096119998381277,1.1054404641983995,4.0,1.331514580660964,1.172517033656454,4.242640687119285,176,139,case_00113,418
1.1515228816828318,0.7287920897647864,2.0,1.017973384231058,0.6388854619112967,2.0,27,28,case_00075,334
0.8369658192603574,0.7583727599478138,4.0,1.635998062415694,2.1787564635652137,10.198039027185569,196,156,case_00102,308
1.412077855884194,0.9341856322959398,3.1622776601683795,1.0886747554372116,0.7362472438973574,2.23606797749979,22,30,case_00203,404
0.6527193705326928,0.5795361811277768,2.0,0.9117189273106362,0.8993156273431162,4.123105625617661,50,42,case_00086,384
1.1746213571155135,0.7135499676245513,2.23606797749979,1.0446278254943948,0.7014884457610016,3.0,24,27,case_00014,174
0.9566467770356095,0.9864708897518499,4.47213595499958,0.9765108195175702,0.986857517203723,4.47213595499958,193,188,case_00102,323
1.261647966749851,0.6389400660437304,2.23606797749979,1.1866128610257949,0.6193678912527226,2.23606797749979,24,27,case_00194,163
1.263157894736842,1.0178462950428273,3.0,0.8571428571428571,0.8329931278350429,2.0,14,19,case_00161,125
0.6285688969253718,0.5994056278767342,2.0,1.1493053440741343,1.3800178762460624,5.830951894845301,71,57,case_00134,327
1.479904345527339,0.5397820018959323,2.8284271247461903,1.3446461113496087,0.43809455056229163,2.23606797749979,20,27,case_00203,420
0.9693358038011219,0.5954038516234643,2.23606797749979,0.8921565886933026,0.5484804598155859,2.0,31,34,case_00033,180
0.7331367285275603,0.6487248034546234,2.23606797749979,0.8959024246419627,0.7888972338148058,3.0,80,72,case_00133,144
1.217403304118582,1.055440990859927,4.0,1.5771359677868246,1.310238059196182,5.0,196,151,case_00113,374
0.7848348159695614,0.7312449952983433,3.0,1.1374844363405203,1.2178063203999911,6.4031242374328485,260,219,case_00102,336
1.4976540137910714,1.3691893637474046,3.1622776601683795,0.8142696805273544,0.7840552691944987,2.8284271247461903,18,17,case_00033,198
0.6739234573167227,0.6094329897758348,2.23606797749979,0.7159702174352625,0.6566634392630704,2.8284271247461903,89,86,case_00115,330
0.3611111111111111,0.5084168116034201,2.0,0.5341229756873942,0.5899542187120767,2.0,90,72,case_00161,147
1.011361836391221,1.1043421020298103,4.47213595499958,0.7279804172816721,0.7561345299010223,3.0,59,66,case_00102,418
2.049154645291571,1.6593210033206138,6.0,1.4263959942989537,0.9351392284247346,4.0,33,42,case_00113,321
1.1503183881083519,0.9921995331948664,4.47213595499958,1.5036780710106485,1.3023890417331734,5.0,117,91,case_00134,338
1.203210595928635,0.9629560020297182,3.1622776601683795,1.059148346584763,0.8235318936912904,2.8284271247461903,25,24,case_00125,178
0.16666666666666666,0.37267799624996495,1.0,1.302880251124337,1.2257663118352473,4.242640687119285,15,6,case_00133,180
1.8317117231966322,1.722618009967768,6.0,1.6350913919817545,1.353339072412259,5.656854249492381,99,93,case_00113,346
0.7098764982857724,0.709526812994407,3.0,0.7779242685005688,0.6918849616950713,2.8284271247461903,155,136,case_00079,420
0.9307603651791678,0.8579596617357711,3.605551275463989,0.9906050290217853,0.8278697621869122,3.1622776601683795,93,83,case_00079,337
0.8132936127819297,0.7671724052702344,3.1622776601683795,0.6714243271984175,0.542482637567175,2.0,51,52,case_00102,420
1.03125,0.7699178121721825,2.0,1.0241330331619505,0.7012075804831575,2.23606797749979,37,32,case_00161,167
1.319014058598773,0.7553454446840856,2.23606797749979,1.195480139988444,0.7850361649935345,2.23606797749979,22,29,case_00014,173
0.7975562049832966,0.6453957536581802,2.23606797749979,0.7823137384567856,0.6436621816570026,2.8284271247461903,38,38,case_00033,187
0.5243872397312364,0.544469093921433,2.0,0.5931679779810363,0.5440133197231973,2.0,159,140,case_00079,413
0.7464334721804432,0.7939377000802063,5.830951894845301,0.914334522225055,1.0505012237155746,10.0,182,160,case_00102,307
0.7145264462375478,0.7277726036697634,3.1622776601683795,0.8165559594131508,0.9128178159670574,5.0,206,199,case_00102,386
0.819438209655274,0.6035191018279744,2.23606797749979,0.9038122143810073,0.6377507080417469,3.0,161,140,case_00079,388
0.7699857885937098,0.6611843947180382,2.8284271247461903,1.9168371798318196,3.450951833820306,15.033296378372908,276,233,case_00102,352
0.6789396611073509,0.6872948929744559,2.0,0.7736239704525385,0.6963040181376116,2.23606797749979,156,135,case_00079,370
0.47368421052631576,0.49930699897395453,1.0,0.5222978917651975,0.5136051772629328,1.4142135623730951,82,76,case_00134,372
0.832258064516129,0.8486752852854373,4.0,1.0246408110189618,0.9639905990522268,5.0,192,155,case_00113,396
0.7255228474983079,0.8681109363197466,4.0,0.9577536117936934,1.0612192421765168,5.0,184,150,case_00113,406
0.4492753623188406,0.5782590534278261,2.0,0.6437805806086866,0.7010199119656437,2.8284271247461903,85,69,case_00079,454
0.8675691150713076,0.5282706335964739,2.0,0.8631662607362389,0.5201624806986941,2.0,64,63,case_00115,321
2.3625635995437992,2.2015595987122576,8.0,1.9100437258046186,1.4787780468705116,6.324555320336759,97,98,case_00113,344
0.7538306432102396,0.6962179930219897,3.0,1.0425412461189802,0.9062400429504351,4.242640687119285,196,151,case_00113,392
0.6571408102800879,0.5718664211958768,2.0,0.7261373844195957,0.5727743106127875,2.0,159,141,case_00079,391
3.6531458683341818,2.082655058799031,8.0,1.6690925891895896,0.916040353211796,3.1622776601683795,16,41,case_00113,444
0.7745644351625351,0.7328275630400416,2.23606797749979,0.8535386491675662,0.7667642861921374,2.23606797749979,79,73,case_00133,146
0.42857142857142855,0.49487165930539345,1.0,0.5637823415609136,0.5355377056144516,1.4142135623730951,43,35,case_00134,376
1.3117819486612203,1.3494053452662909,5.0,1.3015276716974353,1.432372318808991,7.615773105863909,173,168,case_00102,407
0.5783592224227381,0.6033490048083876,2.0,0.6753406696885581,0.6304111075940728,2.23606797749979,157,136,case_00079,371
0.6518096714445931,0.5910479681027491,2.23606797749979,0.6668963228162956,0.5877311171298271,2.0,224,217,case_00102,370
1.128526435347866,0.928204298555105,3.0,1.4250346700206313,1.0535557445276118,4.0,199,148,case_00113,375
0.6908700095433234,0.5908362876486998,2.0,0.759142673589078,0.6064666355357186,2.23606797749979,161,144,case_00079,398
0.8811916151115412,0.5499533670032085,2.0,0.9017766952966368,0.5583894624900049,2.0,40,38,case_00102,422
0.4791666666666667,0.5396597436245257,2.0,0.5375335992622176,0.5818149276671771,2.0,51,48,case_00154,341
1.268693026885631,0.6702548268707509,2.23606797749979,1.150780289328351,0.6734110954470045,2.0,27,34,case_00014,180
0.6927921462612538,0.6311100630190767,2.8284271247461903,1.7332075711065318,3.165666764034639,14.866068747318506,275,230,case_00102,353
0.7948479446775855,0.6544976094545096,3.0,0.8638352503430026,0.6806233317513449,3.1622776601683795,148,133,case_00079,424
0.7348405892058207,0.7263448740255621,2.8284271247461903,0.8385245941959957,0.8409119544785002,3.1622776601683795,78,74,case_00133,151
0.5426776695296637,0.5296234011010589,2.0,0.6743631063394314,0.6052165169484225,2.23606797749979,95,80,case_00079,451
1.4939467507705106,0.7106090423892669,3.1622776601683795,1.3456379561973828,0.5920716286240845,3.0,31,38,case_00075,352
0.7166220647704199,0.6571965929147271,2.0,0.8321559438903737,0.6923810259155873,2.23606797749979,64,55,case_00161,162
0.7294227104454898,0.7657437966565149,2.8284271247461903,0.7820992968858778,0.8242935947324503,3.0,79,76,case_00133,153
1.6879538548856716,1.3869171051306108,4.47213595499958,1.9468498428056669,1.5683672049515545,6.0,80,66,case_00079,331
1.6020998704420517,1.2501622433745114,5.0990195135927845,1.929170142049754,1.6517574165184583,6.324555320336759,60,54,case_00113,327
1.652018996238453,1.6862425333351618,8.0,1.5803445694470732,1.3342746417424427,7.0,144,124,case_00113,351
0.47312485489155515,0.554636280054214,2.0,0.5586137725076922,0.5919887272277441,2.23606797749979,160,143,case_00079,404
0.7390028323958245,0.8512979190884248,3.0,0.8522749087281433,0.8028668768157762,3.1622776601683795,62,48,case_00161,130
0.967741935483871,0.966666068630432,3.0,0.6896551724137931,0.5932638115201812,2.0,29,31,case_00113,318
0.8894894319740967,0.7494996510185893,3.0,0.877752838621096,0.6768466464894664,2.23606797749979,35,34,case_00075,349
0.6018308851484879,0.7546015619552605,3.0,0.7149442608208921,0.85176048587224,3.605551275463989,131,117,case_00134,346
0.6853420193376488,0.7037176971143673,2.8284271247461903,0.7998006261124555,0.6877463302760345,2.8284271247461903,71,57,case_00161,132
0.8920362879077556,0.6586193572747944,2.0,0.9663056178748033,0.6576097900443593,2.23606797749979,71,61,case_00161,159
0.7417338651911018,0.5763538968421564,2.0,0.7802882021131751,0.5793054169325825,2.23606797749979,54,51,case_00086,390
1.5235963607474947,0.7419225035755833,3.1622776601683795,1.3267416194997406,0.6332827154343079,2.23606797749979,31,39,case_00075,353
0.6,0.48989794855663565,1.0,2.5433328413374303,1.1783891188047046,4.242640687119285,21,5,case_00014,187
0.883556336050959,0.6802567556855159,3.0,1.1494396310886061,0.8830620790708829,3.605551275463989,198,152,case_00113,391
0.9654577414261012,0.7370896726898197,2.23606797749979,1.093443711601031,0.7756791520064584,2.8284271247461903,74,61,case_00079,458
0.8970681950460372,0.9923418451558775,4.0,1.2526002267888385,1.3736356958050144,5.385164807134504,68,57,case_00079,330
0.6181225904831805,0.6510718949456301,2.0,0.7074955035724108,0.6329965879260769,2.23606797749979,81,67,case_00161,137
0.871936198656182,0.6467601518680907,2.0,0.8238015069303438,0.5986552548974506,2.0,27,28,case_00203,412
1.6032320651367722,0.8457902996792797,3.1622776601683795,1.33470110327183,0.7348479681903808,2.8284271247461903,28,35,case_00014,178
4.832923996708832,5.828462116376491,17.0,0.7980653289451097,0.6681504801083864,3.0,48,64,case_00161,128
0.43103448275862066,0.5605437312761675,2.0,0.705732929183322,0.8967158446507026,4.242640687119285,139,116,case_00134,351
0.8072508699505616,0.768122841497848,3.605551275463989,0.9774620839313579,1.0553665920936364,6.4031242374328485,130,120,case_00102,298
0.3333333333333333,0.4714045207910317,1.0,1.02436003894285,1.0528918498398154,3.1622776601683795,19,12,case_00203,402
0.6930743460879958,0.8726874782335682,3.605551275463989,0.5748277885614096,0.6876421322331767,3.0,61,62,case_00133,166
0.8995088546352304,0.8629773892049374,3.605551275463989,0.9538379393252782,0.8374391300953272,3.605551275463989,144,130,case_00079,428
0.8816491334161124,1.0408911082421175,4.0,0.8066747775499284,0.8333750047264848,3.1622776601683795,84,79,case_00113,437
0.7767453818749269,0.6532547739633435,3.0,0.8608582983447748,0.6660603320774455,3.1622776601683795,157,133,case_00079,422
0.6180506308023557,0.6176198490818313,2.23606797749979,0.7140179764099424,0.786373611948277,4.47213595499958,195,186,case_00102,391
0.8331205394788685,0.7981722858301145,4.0,1.0261358480477538,0.914930367499221,4.47213595499958,191,154,case_00113,385
0.4117647058823529,0.5304999709203405,2.0,0.4937550274977301,0.5877854090622104,2.23606797749979,112,102,case_00134,365
0.42394745771685577,0.5659227448118822,2.0,0.5425034313931533,0.5829548596504439,2.0,41,34,case_00133,176
1.084919992689029,1.0106819584955218,4.0,1.2345094922217927,1.2589002545989325,6.324555320336759,147,136,case_00102,411
0.8951605393659278,0.721190807061954,2.23606797749979,0.9385022185018855,0.7705776126085419,3.0,59,56,case_00086,393
0.8279946055138137,0.6579843856494945,3.0,0.8875592832772172,0.6520289445069781,3.0,155,135,case_00079,421
0.9374653921894532,0.7901800079087596,4.0,1.2517434861641548,1.0701679573631517,5.0,198,155,case_00113,382
0.7521895141649746,0.7708507863265492,3.0,0.90988743591005,0.8659576385429096,3.605551275463989,90,75,case_00161,142
1.3809660178366352,1.1098746534944002,4.0,1.2045849494997707,0.9092595213779244,3.0,36,36,case_00113,441
1.0479676677332554,1.1249000537923737,4.0,1.388541599023962,1.4661957596302606,5.830951894845301,90,77,case_00079,334
0.5217391304347826,0.7615524885499589,3.0,0.5352550878355745,0.6867070023490103,3.0,124,115,case_00134,358
0.7893010219639188,0.6140064305255388,2.23606797749979,0.800923635324291,0.5944240769254413,2.23606797749979,193,181,case_00102,318
0.8504252553799544,0.8604377048644121,4.0,1.0984479043900688,1.09737095466933,5.0,185,151,case_00113,405
0.9580266952966369,0.548575292096723,2.0,0.8978755810044179,0.5522051721480794,2.0,27,32,case_00033,177
0.6237832071249111,0.6888620138644053,2.8284271247461903,0.7591336194298253,0.7609572613994928,3.1622776601683795,103,88,case_00079,339
0.7258821068440542,0.5632503982417424,2.23606797749979,0.8176979241958882,0.6230475797111465,2.8284271247461903,88,77,case_00079,452
0.6030822095305481,0.625849448350791,2.0,0.6940501604559088,0.6381091314657832,2.23606797749979,162,139,case_00079,382
0.32,0.466476151587624,1.0,0.4747546895706428,0.5549246057474978,1.4142135623730951,30,25,case_00194,171
1.2258064516129032,1.3370568887782392,4.0,0.8942370758625279,0.8271704902224035,2.8284271247461903,31,31,case_00113,319
0.5555555555555556,0.6243162044221312,2.0,0.6847990459780076,0.6811286021507827,2.8284271247461903,149,126,case_00079,362
1.2682459513747883,0.708987530167188,2.0,1.1973033905932737,0.6875424284172218,2.0,32,36,case_00075,337
0.7147319956117765,0.6370438298229364,2.23606797749979,0.6629649260048688,0.5432967738155449,1.4142135623730951,49,48,case_00102,421
0.22448979591836735,0.4172458836787933,1.0,0.3875639424934323,0.5615259850249656,2.23606797749979,58,49,case_00134,375
1.5,0.5,2.0,1.1380711874576983,0.19526214587563503,1.4142135623730951,3,4,case_00194,181
0.855623509662897,1.0554914759797884,4.123105625617661,0.7609475708248731,0.5952244348051063,2.0,15,13,case_00203,423
0.6765288943422165,0.482477818760913,1.4142135623730951,0.6936843517382836,0.489624603866653,1.4142135623730951,43,42,case_00154,314
1.1428720194581474,0.7764885422403638,2.8284271247461903,1.0990667036085637,0.7942052999309187,3.0,31,33,case_00075,336
0.557904297984273,0.7508280723911938,3.0,0.6351323161488829,0.7724033538141554,2.8284271247461903,62,56,case_00154,336
0.6735702260395515,0.7044878640495004,2.0,0.7395665143426737,0.6316544283142277,2.0,74,60,case_00161,134
2.2299997629220143,2.4072344765403573,9.0,1.7186175704008115,1.4994578516016428,6.0,99,99,case_00113,345
1.7215224856531208,1.5869387889518327,6.0,2.718978772641242,2.885087862446008,12.806248474865697,187,139,case_00113,365
0.45541747521332926,0.6293196319299006,2.0,0.5555555555555556,0.7077300574478715,2.0,63,58,case_00154,334
0.6920614878436971,0.5714949278857371,2.0,0.7689106302250278,0.6095156782082057,2.23606797749979,161,144,case_00079,401
0.7060210704191782,0.5870124150973453,2.23606797749979,0.7608875002868455,0.6422641227409696,3.1622776601683795,234,223,case_00102,360
0.6483878014920104,0.589235854882554,2.0,0.7521500738906616,0.6213513460691423,2.23606797749979,166,142,case_00079,411
0.6969810887957519,0.5510817054408671,1.4142135623730951,1.4472197719530444,1.1177231015185192,4.0,32,19,case_00033,195
2.4756095265288094,2.5737006025852027,9.0,1.8026172839242196,1.5977028074804782,6.0,96,97,case_00113,343
0.6173017904893829,0.5684750228209486,2.0,0.6943220152421388,0.5917897226178045,2.23606797749979,161,142,case_00079,406
0.8673738819117606,0.6360230295165124,2.23606797749979,1.2908602640695603,1.0985987508030326,5.0,71,51,case_00113,439
0.6852247277156095,0.6348354843066919,3.0,0.7623803964987692,0.6603162199618637,2.8284271247461903,116,102,case_00079,443
1.0934382588805645,1.0182274501374549,5.0,1.3209005668921596,1.218038075805665,5.0,162,142,case_00102,409
0.6203703703703703,0.6486109458851932,2.0,0.6976150391794578,0.6342098595887111,2.0,126,108,case_00079,349
0.8388033599487912,0.8293963377304886,3.605551275463989,1.870086298190428,3.4373357760510417,16.0,272,235,case_00102,354
1.5623905206803068,1.032612609871093,5.0,2.007026512292086,1.5065182999039302,6.708203932499369,178,136,case_00113,358
1.3944708228398621,1.0573320785109652,3.605551275463989,1.3353077170061838,1.0731895962966589,4.0,46,48,case_00086,382
0.4991156037358051,0.5818182534837012,2.0,0.6355288737218824,0.6375326487733806,2.23606797749979,116,97,case_00079,444
0.6216181358221975,0.5635838603583303,2.23606797749979,0.6406571152041192,0.5903279022432426,2.23606797749979,224,223,case_00102,364
0.6223717379456913,0.5792624500789948,2.0,0.7206243024057467,0.6769259225867121,3.0,89,83,case_00115,331
1.398626112472578,1.0695068945592843,3.605551275463989,1.277722602323777,1.0029851286925568,3.605551275463989,83,90,case_00115,335
0.6442516977811517,0.6855215167345979,3.0,0.7485031301608899,0.8693565436507662,5.0,212,200,case_00102,385
0.5929596168459869,0.5415961863064995,2.0,0.6767949691854512,0.5531037198977848,2.23606797749979,161,138,case_00079,383
0.6825619641525454,0.5856045547158798,2.0,0.7518988127506743,0.5918045209091783,2.23606797749979,154,136,case_00079,417
0.8355040196319795,0.7665815800637857,3.0,0.7650889935240293,0.6439245545779317,2.23606797749979,36,35,case_00075,345
0.8489727202260091,0.6119505008986804,2.0,0.7357022603955159,0.5404401145198809,1.4142135623730951,18,21,case_00014,171
0.5407279481355978,0.5106904889135575,1.4142135623730951,0.5502961158827728,0.5095823631605925,1.4142135623730951,48,47,case_00154,316
0.9338735318033351,0.71936820628073,2.23606797749979,0.9038112593864579,0.6998513228343087,2.23606797749979,75,77,case_00115,340
0.8301539628680136,0.7657904080854206,3.0,0.8896874713413302,0.767292573585275,3.0,142,127,case_00079,430
1.482842712474619,0.448528137423857,2.0,3.110448734197754,1.6571545804500372,7.0710678118654755,19,5,case_00086,376
1.1421271775846573,0.9799241769521997,3.605551275463989,1.6128504443999012,1.2966580658181304,4.242640687119285,46,34,case_00086,379
1.1078548870571907,1.1729070655162768,5.0,1.2303633777270468,1.2647289401612607,5.385164807134504,150,131,case_00113,424
0.5769230769230769,0.5665738408713936,2.0,0.6885618083164127,0.599346285098494,2.0,30,26,case_00194,170
0.8147208691207961,0.7017691254387405,2.8284271247461903,0.6837388663705584,0.5706177449835975,2.0,29,32,case_00125,186
0.8666666666666667,1.1585431464655178,5.0,0.6032172834471294,0.629835128610937,3.0,71,75,case_00134,373
1.0829488796376732,0.749610299850882,2.23606797749979,1.0306824861017108,0.675434772099953,2.0,54,49,case_00161,164
1.4375,1.539835624344365,5.0,1.6063747775612673,1.486281856925366,4.47213595499958,19,16,case_00134,322
0.6875,0.6817945071647321,2.0,0.6126007977866527,0.5213243578431459,1.4142135623730951,17,16,case_00075,361
0.8418146647712607,0.6428835739760701,2.23606797749979,0.8962162704727582,0.6600017929438932,2.8284271247461903,134,123,case_00079,433
0.772165448543846,0.651498407709102,2.8284271247461903,0.8227207355611265,0.6403804439681848,2.23606797749979,161,145,case_00079,400
0.6708271186953461,0.7185941354093761,3.0,0.6868346457693462,0.6591723366244193,2.8284271247461903,128,119,case_00134,347
0.8772298793890465,1.1271502733473826,6.324555320336759,0.9100999350864649,0.9369651408488588,5.0,194,175,case_00102,312
0.7806109795499774,0.665109492141752,2.23606797749979,1.6230829779654397,3.2810976283309277,17.204650534085253,265,232,case_00102,356
1.208482736115277,0.9961925843884701,4.0,1.3853047556744837,1.1271221842001804,5.0,190,159,case_00113,399
1.6781725989548082,1.6965203130412876,5.0,1.063752335293988,0.8987908035524876,3.1622776601683795,33,36,case_00113,320
0.6321972559483523,0.6318769093052637,3.0,0.702359795631553,0.7292573932577622,4.242640687119285,199,189,case_00102,331
1.1697852657278045,0.8655919887046434,2.23606797749979,1.4187763902371704,1.1122380835529708,3.605551275463989,20,17,case_00161,168
1.1344012679303088,1.474676990007157,5.830951894845301,0.614512809413747,0.5720944326361768,2.0,61,65,case_00133,168
0.8844924668921684,0.7025205655185645,2.23606797749979,0.9240449783912787,0.7390134490723842,2.8284271247461903,30,29,case_00194,166
1.1098935378316706,0.6766029168524855,2.23606797749979,0.9235930733530123,0.5664705449823476,2.0,23,29,case_00203,406
1.4694713361772351,1.085870862770997,5.0990195135927845,1.8496773818076908,1.3777591264252185,6.324555320336759,169,130,case_00113,354
0.7200287031208619,0.5739205116029671,2.0,0.8388790402785177,0.6933599175023523,3.605551275463989,103,92,case_00079,448
0.7410818510677891,0.7984136501116486,4.0,1.0121876766018725,1.10946423554074,5.656854249492381,184,150,case_00113,410
1.1005770095064422,0.6405871273819653,3.0,1.2686323356946332,0.931000791095505,6.708203932499369,84,74,case_00115,326
0.4,0.4898979485566356,1.0,0.5552284749830795,0.5701356627166005,1.4142135623730951,30,25,case_00194,169
0.7241379310344828,0.6896551724137931,2.0,0.7308662661126574,0.6334969392398705,2.0,31,29,case_00194,167
1.3566941738241591,1.251251740742678,4.0,1.2945173566049921,1.1245102582507238,3.605551275463989,67,64,case_00113,334
0.5435339791606236,0.5253564360759181,1.4142135623730951,0.609736980107868,0.5962327920885137,2.0,22,21,case_00033,173
2.0,0.0,2.0,3.515473300510443,0.9073398785551058,5.0,11,1,case_00194,180
0.5441941738241592,0.6255818900638356,2.0,0.5537772683748879,0.5834291392797064,2.0,34,32,case_00075,342
1.1986191648691191,0.9673991509280431,3.605551275463989,1.3707132607188324,1.0748642663506773,4.0,117,102,case_00134,339
0.7205450493309733,0.5365001171894321,2.0,0.702851895445316,0.5364861553545518,2.0,55,57,case_00133,134
0.7570215420946179,0.6403627504941375,2.23606797749979,0.8749289251399439,0.8333021205312062,4.47213595499958,187,178,case_00102,395
1.0401971337561229,0.726745770163797,2.8284271247461903,1.0130974075664056,0.7002144738927458,2.8284271247461903,60,59,case_00115,345
1.007769311327379,0.7841146585515643,3.0,1.162826912489578,0.8970486701890786,3.605551275463989,102,92,case_00134,334
1.5841858579870651,1.5342723131798182,5.0,0.8121320343559641,0.6636577120570836,2.0,20,22,case_00194,177
0.9150184105494048,0.6878125732653103,2.0,0.8910624095823512,0.6752834828642666,2.0,56,58,case_00154,322
0.6706761324332212,0.6233951178688117,2.23606797749979,1.413232490494951,3.1645398384832983,18.027756377319946,260,229,case_00102,357
0.6747546895706428,0.6413834855755891,2.0,0.6088570430859441,0.5647550561955456,1.4142135623730951,29,30,case_00125,185
0.5623166422234102,0.6389127035029801,2.0,0.671762423800379,0.6553853431047991,2.23606797749979,151,127,case_00079,363
0.4057971014492754,0.5197223500591625,2.0,0.577973529481959,0.6166298026400293,2.23606797749979,84,69,case_00161,152
0.9319035593728848,0.7788168950582338,3.0,0.928676855996095,0.6987886417178837,2.23606797749979,134,120,case_00113,428
1.675069861003654,1.1376031648853653,4.123105625617661,1.4964162451613061,1.0402725569031943,4.123105625617661,28,30,case_00014,177
0.8224044255835902,0.7466037734613714,3.0,1.0827594369224685,0.989279368238318,4.47213595499958,192,154,case_00113,386
0.9453558225289727,0.6503606964425481,2.8284271247461903,0.9469196380997623,0.6166573407526194,2.8284271247461903,65,60,case_00115,344
0.5972922404449236,0.6796097633823958,3.1622776601683795,0.7065340025757979,0.8305117671472941,4.123105625617661,217,204,case_00102,381
0.8136522009157232,0.682853337119909,3.0,1.216059583622459,1.3322651509228762,7.615773105863909,268,226,case_00102,339
0.7049533351804281,0.624609933807924,2.0,0.7852200845920678,0.6302559180218,2.8284271247461903,145,124,case_00079,360
1.86436202033635,1.4266272702561358,5.830951894845301,1.7235121557616677,1.1335012121201897,4.0,47,45,case_00079,329
0.5142857142857142,0.4997958767010257,1.0,0.5142857142857142,0.4997958767010257,1.0,35,35,case_00133,125
1.1352724000104768,1.0619902280346645,3.605551275463989,0.7649285056702815,0.6441151925028864,2.0,22,24,case_00194,176
0.557829569181044,0.6677091564009613,3.605551275463989,0.5781424672051519,0.6709358816896815,3.0,218,214,case_00102,375
1.1828687731876057,0.8519515628353811,3.1622776601683795,1.1829190585963838,0.878155479550171,3.605551275463989,88,88,case_00115,334
0.8275919666078506,0.6723673387189575,2.0,0.8753569724922543,0.664128936186285,2.23606797749979,82,73,case_00161,140
0.8561023439892562,0.9382688554590249,4.242640687119285,0.9638580216137147,1.12549762769101,5.0,189,181,case_00102,393
1.6704013184688071,1.280787402172679,6.082762530298219,2.8921903784657506,2.9483302194043195,14.212670403551895,209,137,case_00113,367
0.6133477633175917,0.6408508150380609,2.0,0.6321972559483523,0.6401956256451485,2.0,63,61,case_00154,326
0.5490575746104356,0.629452300311594,2.0,0.6898155314070696,0.6827078558948548,2.8284271247461903,155,129,case_00079,365
0.8745060233058338,0.8967746274528489,3.0,0.9075119282519503,0.9334545271826128,3.0,59,58,case_00154,337
0.734024269131373,0.5741336298787355,2.23606797749979,0.7408441596664659,0.5682823267381802,2.23606797749979,39,38,case_00033,188
0.8860530058835054,0.6867274297298852,3.0,0.8887770010600077,0.6715006617434248,3.0,191,187,case_00102,328
1.1289173103375418,0.8676154625028254,3.0,1.44062927215572,1.1169171710000465,5.0,192,147,case_00113,379
0.5540540540540541,0.7192693720092576,3.0,0.7134503071012123,0.7971405796605958,3.605551275463989,90,74,case_00161,143
0.7780390184433922,0.7999614394754083,2.23606797749979,1.1514623460708098,1.0037269543628091,4.0,81,53,case_00079,460
0.8478671425394069,0.6691696162175386,2.0,0.9340329789787032,0.66615228346708,2.23606797749979,136,114,case_00079,352
1.202842712474619,0.770174921070987,3.0,1.1782997770123058,0.7279951802254775,2.8284271247461903,49,50,case_00115,347
0.9433275601127472,0.887749523247772,3.1622776601683795,0.7834535833244278,0.7010446780846787,2.0,57,59,case_00102,419
1.6699785807166132,0.7510743747581293,3.0,1.4452560159808936,0.6555559219391992,2.8284271247461903,27,34,case_00075,357
0.5121951219512195,0.6294384341738507,2.0,0.6076509349881851,0.7489945923352981,2.8284271247461903,43,41,case_00134,324
1.1475422309809327,0.9127687703440034,2.8284271247461903,1.2525438478489421,0.9832843916843446,4.123105625617661,28,20,case_00086,377
0.9335060672828432,0.9547047497463418,4.0,1.2371654551058167,1.216554005079441,5.0,189,152,case_00113,380
0.8097135275453172,0.6759571849342468,2.23606797749979,1.88241567985634,3.627190539278436,17.204650534085253,270,231,case_00102,355
1.1180067097374036,0.8444074608535314,3.0,1.1011196236486156,0.8248592105766135,3.0,84,81,case_00115,327
0.7786474576599257,0.44739216531244713,2.0,0.9211237953199647,0.6206253406914902,3.605551275463989,107,93,case_00079,447
0.9559503767325859,1.0014117753908698,4.0,1.2864243713248513,1.2500014564828665,5.0,92,72,case_00113,335
1.4532550705829743,0.6810339753510469,2.8284271247461903,1.2618914004394621,0.6087635472495838,2.0,27,33,case_00014,182
1.0218590712647988,0.8079441412891982,2.8284271247461903,1.3362343915795358,1.1139090807753353,4.123105625617661,38,33,case_00115,350
1.4924926395761717,1.183654151085688,4.0,1.0971910482763698,0.912077896506919,3.0,28,35,case_00125,182
0.9348991571388967,0.7314741793610281,2.8284271247461903,1.1201670229595861,0.8406927513737222,3.1622776601683795,52,44,case_00115,317
1.7691631047116338,2.112648159990239,9.486832980505138,1.0443069081147762,0.999014853042969,5.0990195135927845,158,177,case_00102,304
0.5082046400673219,0.5430649437919428,2.0,0.6200166586634365,0.602073851970621,2.23606797749979,162,141,case_00079,405
0.8399288353086759,0.6116085399685536,2.23606797749979,0.9424340388586989,0.7538831617239605,3.605551275463989,184,176,case_00102,397
0.6323623376757822,0.6393432952630863,2.8284271247461903,0.6848508508920407,0.6712075252241332,3.0,174,162,case_00102,401
0.5939849624060151,0.588583031301682,2.0,0.7031111499397179,0.6247000043587578,2.8284271247461903,156,133,case_00079,368
0.9080306055726494,0.6732445299600627,2.23606797749979,0.8759101214140681,0.6578612765655026,2.0,70,72,case_00115,323
0.8145872436093456,0.9590521132254817,4.0,1.181067422617118,1.2301394264629848,5.385164807134504,98,72,case_00113,336
1.074146409712022,0.953888755578289,4.0,1.2579741628878796,1.0793163048517844,5.385164807134504,194,157,case_00113,394
0.9212774698884955,1.3106923705212137,5.385164807134504,0.5442809041582064,0.5358093230824365,1.4142135623730951,60,60,case_00133,169
0.7105023965400548,0.5831071348540809,2.8284271247461903,0.8590328726151166,0.803911095882132,4.47213595499958,190,174,case_00102,396
0.6290322580645161,0.545771752118988,2.0,0.7047633396568175,0.5647224733930837,2.23606797749979,141,124,case_00079,358
1.4514933386598394,1.0162194504864797,4.0,1.380726971550979,0.9825415522137136,4.123105625617661,39,43,case_00113,322
0.5769230769230769,0.49404740687173565,1.0,0.5769230769230769,0.4940474068717357,1.0,26,26,case_00203,410
0.690022340980976,0.6948188818218565,2.8284271247461903,0.7558449093033432,0.7473744730390185,2.8284271247461903,77,73,case_00133,148
0.6,0.48989794855663565,1.0,0.9674192915386921,0.662646145660544,2.23606797749979,16,10,case_00194,158
1.4257761482701339,1.457499650829062,5.0990195135927845,1.6171539841016267,1.5177014340333959,5.830951894845301,86,70,case_00079,332
0.45977011494252873,0.4983789284753746,1.0,0.5190461158827728,0.5117041426322511,1.4142135623730951,96,87,case_00134,369
0.5204710596585765,0.6030963941802862,2.23606797749979,0.705352794689083,0.6660734986565189,2.8284271247461903,68,52,case_00161,131
1.2127275306410334,0.8502001667384421,2.23606797749979,0.9549395047979304,0.7413696808709841,2.0,26,31,case_00014,179
0.4,0.4898979485566356,1.0,0.4,0.48989794855663565,1.0,10,10,case_00161,124
1.2095334379684737,0.6938827760368524,3.0,1.1122164085360993,0.6388551877426071,2.23606797749979,31,36,case_00075,354
1.3174541260349435,0.9490407062698307,3.1622776601683795,1.6747017166819123,1.0424387310383016,3.605551275463989,46,33,case_00115,316
0.8614028003558079,0.7246797831168303,3.0,0.9188680755402789,0.7120623646172124,3.0,148,131,case_00079,426
1.4904869283203066,0.6275614168277973,2.23606797749979,1.4287921672418238,0.6293273733347473,2.23606797749979,32,39,case_00075,338
0.6316630858315319,0.5757588035788043,2.23606797749979,0.7240646222264395,0.6330327186173583,2.8284271247461903,160,141,case_00079,408
0.4722222222222222,0.6002828551381753,2.0,0.7724523499861797,0.9045065957833824,4.242640687119285,135,108,case_00113,430
0.8318279179384487,1.0429397546777752,4.47213595499958,0.6953788602541845,0.7520828202933796,3.605551275463989,61,59,case_00133,170
0.8376903958192329,0.6919756905468376,3.0,0.8921406534113153,0.757593603609126,3.1622776601683795,73,72,case_00115,341
1.0326578783716964,0.6937122990519301,2.8284271247461903,1.0553664998603913,0.6907319609526675,2.8284271247461903,44,42,case_00115,348
0.7228915662650602,0.5663932180020799,2.0,0.8037210263455804,0.585998476054048,2.23606797749979,94,83,case_00134,333
0.7179749242541265,0.873302755925183,4.0,1.0007897511675494,1.1318253264572977,5.0,184,151,case_00113,407
0.4762762393796092,0.598386667782443,2.0,0.5043328694128444,0.5939623001274272,2.0,56,53,case_00086,402
0.871936198656182,0.6467601518680907,2.0,0.8170246418122802,0.6090420947135377,2.0,26,28,case_00203,409
0.5425380791638466,0.5110851085805175,1.4142135623730951,0.5524829035298499,0.5098823713481124,1.4142135623730951,46,45,case_00133,129
1.6469895973828832,1.1825973013767959,4.123105625617661,1.0698647969397288,0.722534416436878,2.23606797749979,27,36,case_00079,328
0.5832266766249171,0.78509132131459,3.0,0.5192525670253071,0.6415108665700715,2.0,69,69,case_00133,161
0.60066109592433,0.6001137228901888,2.0,0.6152515411787608,0.5905406576603232,2.0,44,43,case_00086,410
0.7470256174164491,0.7436826191559704,2.23606797749979,1.2123633566701506,1.0379522641837822,4.0,53,36,case_00154,343
1.2062851924841107,0.6479784212406863,2.23606797749979,1.0690355937288492,0.4960360755325119,2.0,18,16,case_00194,178
1.0034289521688118,0.9055680067628701,4.123105625617661,0.8212783813697813,0.6218732267034418,2.0,49,52,case_00086,408
0.8646319371835259,0.7455601176728355,2.8284271247461903,0.9130375645315576,0.7384066585100121,2.8284271247461903,161,145,case_00079,399
0.4166666666666667,0.5464532103585,2.0,0.5969038816859817,0.6318712777012128,2.23606797749979,90,72,case_00161,145
0.6267049374944825,0.7009271662123888,3.0,0.5627308278948724,0.5665820106189761,2.0,69,69,case_00133,160
0.9345986615417913,0.7071204407651548,2.8284271247461903,0.8727280261864602,0.6581420721347937,2.23606797749979,77,83,case_00115,337
0.6742543118830098,0.5925677333357109,2.23606797749979,0.7768149956340492,0.6297288802001,2.8284271247461903,163,139,case_00079,384
0.7399138543315961,0.8573040512325628,4.123105625617661,1.2281188675747479,1.379289067897373,6.0,168,131,case_00102,301
0.47058823529411764,0.4991341984846218,1.0,0.7967221785430334,0.664948755274209,2.23606797749979,26,17,case_00133,178
0.4925373134328358,0.5289565715423686,2.0,0.5187102411936083,0.5158982005071372,1.4142135623730951,71,67,case_00133,159
0.9180831909345456,0.5836175914548435,2.0,1.0143994412308568,0.6194289195129156,2.8284271247461903,126,109,case_00134,343
1.1183960853894919,1.4804773375520253,5.830951894845301,0.5894153171249294,0.5811839374274759,2.0,54,61,case_00133,171
1.4588951453305083,1.6001605681368238,6.0,0.9885910656847545,0.6802115147866002,2.23606797749979,50,45,case_00113,440
0.9719416381656503,1.1772742302837496,5.0,0.992938214053492,1.1141572736131056,5.0,132,124,case_00134,348
0.5543928293220421,0.5192029157462216,1.4142135623730951,0.52,0.4995998398718719,1.0,25,26,case_00203,408
0.8462307001107883,0.6773341085215528,3.0,0.8913074521276788,0.7291488066940828,3.1622776601683795,230,223,case_00102,361
0.4459722829011756,0.5773792405343674,2.23606797749979,0.4070233954876425,0.5104522149255809,1.4142135623730951,61,62,case_00133,164
0.54120224802498,0.5044487563522578,1.4142135623730951,0.6620295619300773,0.6029250873304842,2.8284271247461903,111,95,case_00079,445
0.859947724583243,0.7098668633030294,3.1622776601683795,1.0272154289939348,0.9379444040242241,4.47213595499958,169,152,case_00102,306
1.6547094809533787,0.7893336713672559,3.605551275463989,1.41484017130709,0.5868399575775072,2.8284271247461903,26,36,case_00014,183
0.48379423227422524,0.5369648037997328,2.0,0.5526070571215158,0.5623584817899694,2.23606797749979,74,67,case_00133,158
0.6281191890092028,0.710212964265781,2.8284271247461903,0.7231508060708625,0.8746037385912833,5.0,198,188,case_00102,390
0.737032282684305,0.5934073234216654,2.0,0.7110466912066412,0.5827955886605378,2.0,84,86,case_00115,329
0.7220941647249438,0.6886991454885664,3.1622776601683795,1.3318122049543195,1.712416258010555,8.54400374531753,279,234,case_00102,344
0.9559803632996298,0.8027351702613169,3.605551275463989,1.0134135850568198,0.8511392320457835,3.605551275463989,173,163,case_00102,402
1.0616470803890692,0.8571953859768725,4.0,1.0444009608535743,0.7978091001241199,3.605551275463989,187,181,case_00102,315
0.735500793147477,0.7236668817164603,3.0,1.750739653418453,2.574286733920599,12.206555615733702,289,232,case_00102,348
0.5333333333333333,0.49888765156985887,1.0,0.8211134137384537,0.6455089873021708,2.23606797749979,22,15,case_00133,179
0.4246575342465753,0.546916843224031,2.0,0.613333977959527,0.6678649966142594,2.8284271247461903,90,73,case_00161,144
0.7714285714285715,0.831030832699942,3.0,0.8826443634158074,0.8708839921196762,3.1622776601683795,80,70,case_00134,330
0.7996845728091715,0.6703681622063371,2.23606797749979,0.8673486292725239,0.6749063365321752,2.8284271247461903,154,135,case_00079,419
0.75,0.5088502445991074,2.0,0.708238983168196,0.4787136654516044,1.4142135623730951,26,28,case_00203,411
0.9313329143083756,0.6686816370726252,2.0,0.9770744781919052,0.6751097875605464,2.8284271247461903,134,124,case_00079,432
0.6857119200778065,0.7049909768339637,2.0,0.7041428104756836,0.710058379610723,2.0,62,61,case_00154,331
1.0622955746422025,0.6095310591722075,2.0,1.019904674227042,0.5947552853310558,2.0,33,36,case_00075,339
0.6067290377055627,0.5413288276069087,2.0,0.6950667020052556,0.568012038118023,2.23606797749979,139,121,case_00079,357
1.3571510569836125,1.511886431910925,6.0,1.7910110951588396,1.9488872748209713,7.615773105863909,170,141,case_00113,362
0.603423071020779,0.5984169278873002,2.23606797749979,0.690791740425042,0.6368067373569923,2.23606797749979,162,144,case_00079,402
0.6637931034482759,0.7650103167801228,3.0,0.6903645094185066,0.7346135084089938,3.0,123,116,case_00134,359
0.5958263185640509,0.639437164227494,2.0,0.7009067201469777,0.7132529492773277,2.23606797749979,79,72,case_00133,145
1.2819772733780437,1.1804962124374794,4.0,1.6106768176393649,1.281339650611905,4.0,72,54,case_00113,330
0.8925619834710744,0.8605365699996773,3.0,1.0929922200037876,0.9611394589978974,4.123105625617661,152,121,case_00113,427
0.6910686993955796,0.7441869303104227,3.0,1.1687661460070764,1.485604053512555,7.810249675906654,267,223,case_00102,338
1.0266123775561495,0.7556897685217857,2.23606797749979,1.4726746715057677,1.218923609768403,5.0,55,40,case_00086,380
0.6773046369915351,0.735702676840152,2.8284271247461903,0.7147319956117762,0.7285772718905487,2.8284271247461903,48,45,case_00154,342
0.7760837170505006,0.6961685039329263,2.8284271247461903,1.0251046388947491,0.8766057196654612,3.1622776601683795,83,69,case_00133,141
2.6314051268999337,1.8489359645433603,6.0,1.1896785312429499,0.9581222915854485,3.0,18,35,case_00113,443
1.32038079777307,0.8591135142422293,3.0,1.2062851924841107,0.81845954963796,2.23606797749979,24,27,case_00075,359
0.9885057471264368,1.1294821606012184,5.0,0.9101181325245962,0.8611489174168547,4.0,93,87,case_00113,436
0.9050793833748633,0.8251250267624765,2.23606797749979,0.7123053189480131,0.7018697404777965,2.0,29,34,case_00033,179
1.0731370849898476,0.7268953135214813,2.0,1.028273110429256,0.7425295028091856,2.23606797749979,23,25,case_00194,161
0.7612710836209119,0.8092226746963055,3.0,0.7521181705329916,0.7984004368448868,3.0,64,64,case_00154,328
0.6088628727180517,0.5993438157892276,2.0,0.7116057016615613,0.6223884039430337,2.23606797749979,160,137,case_00079,374
1.171877114287188,1.0781550513373384,3.1622776601683795,0.9513285184598442,0.9296261717463462,3.605551275463989,26,28,case_00014,175
2.418642578336083,1.6081248440830764,5.0,1.872955193301976,1.3062635867882382,5.0,28,39,case_00125,181
0.6254127743407694,0.6715386249868852,2.0,0.7679804954077593,0.7595213132887841,4.0,114,95,case_00113,433
1.330407764100622,0.6255441661477058,2.0,1.187817326365388,0.5743089237744109,2.0,27,31,case_00075,358
1.0419536477337346,0.8677800835428983,2.23606797749979,0.8097056274847714,0.7901751684401963,2.0,25,31,case_00014,185
1.0611818997569678,0.7309379824025832,2.0,1.1332400355406527,0.7714125787640531,2.8284271247461903,58,53,case_00161,163
0.6801467048399603,0.652908377021028,2.0,1.24435991801115,1.05746634041654,3.605551275463989,30,18,case_00115,351
0.7874000553950742,0.6624384365173858,2.23606797749979,0.9590168668967294,0.8017397638932352,3.0,80,68,case_00079,456
0.6507712280691574,0.5805688494907826,2.23606797749979,0.6782119578453497,0.6022921325759206,2.8284271247461903,220,213,case_00102,372
0.889724601576075,0.553128474190265,2.23606797749979,1.007879241692307,0.6164517560191336,2.8284271247461903,48,41,case_00086,381
0.7692265848824456,0.6210749311738851,2.8284271247461903,0.8288632288329075,0.6379227848512009,2.8284271247461903,149,133,case_00079,423
0.6328975176716403,0.646237224482538,2.0,0.8250311578229893,0.794228555553956,3.605551275463989,122,99,case_00079,344
1.0130664246977594,1.0903606250079927,4.0,1.159638875801947,1.1550692819696355,5.0,190,158,case_00113,400
0.5588235294117647,0.4965277357686509,1.0,0.6800614113283554,0.5083765429091166,1.4142135623730951,43,34,case_00161,166
0.8164795413526091,0.5773743660335409,2.23606797749979,0.885533371191225,0.583807030196369,2.23606797749979,160,140,case_00079,389
1.0650514604309769,1.03479156923607,4.0,0.9718615439670527,0.8773658607694342,3.0,119,117,case_00102,414
0.6918200702078242,0.7854058679385547,3.0,1.0443805635212076,1.3560179412682294,6.708203932499369,227,199,case_00102,334
0.8742789235174678,0.5533756402185187,2.0,0.9321418766034504,0.5986520267692454,2.23606797749979,88,85,case_00115,333
1.6435101749149768,1.3246722832052158,6.0,1.9227960550613967,1.5617138038695,7.0710678118654755,169,136,case_00113,355
0.8910103336632142,0.6192898676258778,2.0,0.8910103336632144,0.6192898676258778,2.0,62,62,case_00154,325
0.8711461418577178,0.7147315871232195,3.0,1.1002202285653866,0.8532156744440805,3.605551275463989,195,152,case_00113,388
1.3253962679471512,0.6929407176482855,3.0,1.1654512969190953,0.6194019360484484,2.23606797749979,31,38,case_00075,351
0.6975489589249456,0.7165371238831417,2.0,0.655206505057278,0.6176692047863791,2.0,37,35,case_00075,346
0.6138071187457699,0.5685427169325242,2.0,0.5517241379310345,0.4973174173053778,1.0,29,30,case_00125,184
1.0,0.0,1.0,3.0616375018796425,1.727286503226097,5.830951894845301,14,2,case_00033,171
0.8410253009232169,0.7051396299687508,3.0,0.890119843882751,0.7072507831942417,3.1622776601683795,147,132,case_00079,425
0.6981073745852523,0.8473158247045309,4.0,0.9333578959100939,1.0260390253886755,5.0,184,151,case_00113,409
0.9619715021017794,0.9182207510520359,4.0,0.9806779757349633,0.8227552309728868,3.0,119,108,case_00134,341
0.45826877795718673,0.5134919061445297,1.4142135623730951,0.5647603013860688,0.5506977612089403,2.0,45,38,case_00133,175
2.082240027839798,1.9113574902337624,7.0,1.8494503060087213,1.6513333965789225,7.0,95,91,case_00113,341
1.2486954311895875,0.6353917556037478,2.23606797749979,1.2522854315746106,0.6868633036245213,2.8284271247461903,25,27,case_00075,333
1.5937327234446603,0.9798040652200146,3.0,1.277831133727316,0.8717825052926362,2.8284271247461903,28,34,case_00075,356
3.1622776601683795,0.0,3.1622776601683795,3.872614103249922,0.45039983049486676,4.47213595499958,5,1,case_00033,199
0.5680474317738404,0.6344390868710728,2.0,0.6734077651692305,0.6461344471124151,2.23606797749979,155,131,case_00079,367
0.42857142857142855,0.49487165930539345,1.0,0.806449510224598,0.7413765490346361,2.23606797749979,10,7,case_00133,120
1.2375100549954603,0.868494760778336,3.0,1.1017281506746022,0.7390501214472001,2.8284271247461903,25,28,case_00194,164
0.751522408616416,0.7340579080376167,2.8284271247461903,0.8331245056469355,0.8780111377941339,5.0,200,193,case_00102,388
0.9219114908303234,1.1052184284129458,5.0990195135927845,0.6369663014556582,0.5825564093077905,2.0,51,56,case_00086,406
0.7734590803390136,0.6108924802857691,2.0,0.8619677166154769,0.6572759355953183,2.23606797749979,40,35,case_00033,192
1.082521077413586,0.9136339881614247,3.0,1.3694978744913993,1.1115694683080546,4.123105625617661,189,152,case_00113,378
1.4136616206542936,0.9083447770828994,3.0,1.2238258880706288,0.797234927120902,2.23606797749979,30,34,case_00075,355
0.6272759365023333,0.7248750364056137,3.1622776601683795,1.0662347031244321,1.4226957152121598,7.211102550927978,261,222,case_00102,337
0.7066666666666667,0.6276587891167905,2.0,0.7664370069726569,0.6423194799652236,2.8284271247461903,83,75,case_00161,150
0.7487487259571012,0.5408532134733701,2.0,0.8202361031278221,0.5445529253432746,2.0,163,143,case_00079,397
0.8542838320619068,0.6729099716379582,2.0,0.9327913661576923,0.6606584672032589,2.23606797749979,137,115,case_00079,353
1.0317638912384333,0.9889471493593014,4.0,1.227789135833935,1.0687615973885163,4.47213595499958,177,141,case_00113,417
0.4774697523989652,0.521557892802008,1.4142135623730951,0.5458078318877997,0.5369364088992881,1.4142135623730951,29,26,case_00125,191
0.7910143822614605,0.8412072160822526,3.0,0.742736946830033,0.7862271609199963,2.8284271247461903,53,54,case_00154,319
1.6417540838109819,1.2750468405988682,4.47213595499958,1.6462639337528662,1.3473079786144289,6.0,118,109,case_00102,296
0.605991987758688,0.5320933763184095,2.0,0.6706246133445785,0.5379526584738133,2.0,161,143,case_00079,395
1.4643470802648582,0.9902967376093821,2.8284271247461903,2.0371235059808646,1.2419482733543796,4.0,13,8,case_00125,177
0.725152665303373,0.6045311901213214,2.0,0.8146774059116799,0.6158291236804975,2.23606797749979,163,138,case_00079,386
1.0509220054641397,1.4023440574948054,7.280109889280518,1.0640155615993934,1.0842339195794581,5.0,195,169,case_00102,310
0.7802137527172334,0.8677376491373796,3.605551275463989,0.7853409737324923,0.659517773003833,2.8284271247461903,58,47,case_00161,129
1.29155516192605,0.8062673761749221,3.0,1.3768772993520149,0.9417099331435748,4.123105625617661,46,44,case_00113,323
0.8168224045932189,0.7659290523284162,3.0,0.8789438177585417,0.7607950555671289,3.1622776601683795,148,130,case_00079,427
0.7461006164715044,0.5540489452541218,2.0,1.7126677366558787,1.2091807396031964,4.47213595499958,43,22,case_00134,323
0.562800511787664,0.5178428760820235,1.4142135623730951,0.6084119252118835,0.5390261728100549,1.4142135623730951,56,53,case_00086,403
0.5929203539823009,0.7482979878445913,3.0,0.6245906394783397,0.6978077911602218,2.8284271247461903,122,113,case_00134,360
0.855072463768116,0.7666105017645329,3.0,1.010123089955123,0.8113092947273213,3.0,84,69,case_00161,155
0.6025798040898392,0.7462557066468912,2.23606797749979,0.47559223176554566,0.5976164007267546,2.0,24,25,case_00125,195
0.7788822375537097,0.6767552234280277,2.8284271247461903,1.2429826827757473,1.43683092304366,7.615773105863909,274,232,case_00102,341
0.5436847463011344,0.5928454437447276,1.4142135623730951,0.4949537389631233,0.5333221924805932,1.4142135623730951,17,17,case_00133,121
0.45454545454545453,0.49792959773196915,1.0,0.5837163089161125,0.6158532866725236,2.8284271247461903,100,88,case_00079,449
0.647080117933679,0.5959868827861875,2.0,0.7408516451788169,0.6188352136506311,2.23606797749979,132,115,case_00079,437
0.7721313273626703,0.6958235093486737,2.23606797749979,0.8936609944800737,0.744817753273579,3.0,133,112,case_00079,351
0.6856105698705407,0.6578114655884088,3.0,0.9780228764174451,1.1809579710534255,8.06225774829855,168,144,case_00102,305
1.322630533034977,1.2473940774807268,6.0,1.226168058353385,1.044268574208716,3.605551275463989,133,131,case_00134,353
0.5498301348405211,0.605787224530141,2.0,0.6857608324712143,0.6470092499626848,2.23606797749979,153,127,case_00079,364
0.6134687005940295,0.6285576543325556,2.0,0.6860569984827861,0.6066592719576165,2.0,124,105,case_00079,347
0.9006163897820698,0.7146532018508566,3.0,0.9810227943383405,0.7978066030622291,3.605551275463989,182,174,case_00102,398
0.7126903958192328,0.5194710554831742,1.4142135623730951,1.1472378633262714,0.6794284824235362,2.23606797749979,18,9,case_00125,200
0.5552158827232931,0.6231890058842025,2.0,0.7745459819668857,0.7977732498539852,3.0,110,89,case_00079,340
1.05266266652437,0.9780846138983335,4.242640687119285,1.245832406408687,1.2409701359419714,6.082762530298219,152,139,case_00102,410
0.6141016104987936,0.6509429081032427,2.8284271247461903,1.270756295940722,1.8538405616664,10.198039027185569,291,236,case_00102,347
0.5290321078731856,0.5905052560398448,2.23606797749979,0.6466039166224814,0.6443886314498422,2.8284271247461903,162,140,case_00079,380
1.1981326602722728,0.9835970735091439,3.0,1.3989316560889826,1.0817869239664823,4.47213595499958,165,134,case_00113,419
0.6385722963598955,0.6368349516593629,2.23606797749979,0.7184838583077384,0.7132888232344775,3.0,80,75,case_00133,152
0.5992570173455997,0.5938036197883668,2.8284271247461903,0.6295807694206005,0.6262382216715717,2.8284271247461903,227,222,case_00102,363
0.484375,0.7069341266164761,3.0,0.4927536231884058,0.6048880218756292,2.0,69,64,case_00134,374
1.4355046439384893,1.2395356870172414,5.0990195135927845,1.8849006195006508,1.755074285972141,7.0710678118654755,169,139,case_00113,360
1.7307044045023434,1.6441692130746424,6.324555320336759,2.075372186341561,1.981602487083325,7.810249675906654,171,146,case_00113,363
0.7309324970452455,0.823611625682914,4.0,0.7468441217809304,0.7834957873569244,3.1622776601683795,134,127,case_00134,352
0.43,0.5339475629684998,2.0,0.5359034358039511,0.6086584963271097,2.0,111,100,case_00134,366
0.7444984271527956,0.5994924158946593,2.0,0.8385603643594848,0.6186324319637918,2.23606797749979,163,139,case_00079,387
0.8300943102542602,0.4514427748238385,1.4142135623730951,0.75,0.4330127018922193,1.0,24,28,case_00203,417
0.7440623538696647,0.6131465390448407,2.0,0.7976713562373096,0.5978882900998574,2.0,160,142,case_00079,390
0.5642824346533225,0.5220099853937755,1.4142135623730951,0.5647603013860688,0.5087470685479126,1.4142135623730951,45,44,case_00154,315
0.4495929646178527,0.5543465779007581,2.0,0.5431125847234762,0.6377955050640425,2.23606797749979,57,53,case_00086,395
0.7162881951709859,0.6318321954546775,2.0,0.7102680942848871,0.6105016107243739,2.0,57,57,case_00154,321
0.4283030572406186,0.5239278732726331,2.0,0.5488851642529315,0.6156727583022424,2.8284271247461903,122,107,case_00079,440
0.40625,0.5119025989710673,2.0,0.45464492354122515,0.5279534891466077,2.0,103,96,case_00134,367
0.47058823529411764,0.4991341984846218,1.0,0.5153412430508554,0.5210186563337595,1.4142135623730951,54,51,case_00086,405
0.78125,0.8921314014762624,4.0,0.9030673052858758,0.9418981605388184,4.123105625617661,148,128,case_00113,425
0.4384336562469785,0.5100557630797429,1.4142135623730951,0.4514933386598394,0.5111458150230314,1.4142135623730951,43,42,case_00133,128
0.9000276924465133,0.8644808858556288,2.8284271247461903,0.9626958372552716,0.8630518616955458,2.8284271247461903,67,61,case_00133,136
0.7294494394211245,0.7586803167477819,3.0,0.8633221605317541,0.7561402104547089,3.0,82,65,case_00161,136
0.506439747544043,0.5224275517365145,1.4142135623730951,0.5645422476710846,0.557603515254441,1.4142135623730951,54,51,case_00086,404
0.9334850969608784,0.7126822002684826,2.0,0.7702200572599404,0.6377782243025346,2.0,24,29,case_00203,405
1.0716395427285932,0.7263917871841757,2.8284271247461903,1.1213422940638147,0.7529381009538739,2.8284271247461903,74,71,case_00115,342
0.842857787061976,0.7914751139815748,3.605551275463989,0.894124078521178,0.8685552867001662,4.123105625617661,195,190,case_00102,324
2.0095615645752964,1.4991252795867234,4.47213595499958,0.9166666666666666,0.6400954789890507,2.0,12,21,case_00134,378
0.7758883476483185,0.4587998168957374,1.4142135623730951,1.2890709104965743,0.9686568988612702,4.0,25,16,case_00154,310
0.5920475791816956,0.5869541080680855,2.23606797749979,0.6842207830037705,0.6194301994232756,2.23606797749979,162,141,case_00079,407
0.6004180459521499,0.635770440055169,2.0,0.7384528617746376,0.7570392483672342,3.0,76,68,case_00133,157
1.072618654964737,0.8263307778093298,2.8284271247461903,2.09914169510398,1.2739764160226323,4.242640687119285,34,18,case_00033,194
0.6,0.48989794855663565,1.0,0.8010933509517766,0.5985394248174917,2.0,13,10,case_00194,157
0.9198688982179255,0.8882912449627676,3.605551275463989,1.044001955991799,0.9941188089901988,4.0,179,159,case_00102,403
0.7972673288959651,0.8897401494525357,4.0,3.227325594086196,5.066189966094325,18.384776310850235,293,220,case_00102,349
1.2452914076915886,1.2495594594255137,5.385164807134504,1.5500568536333474,1.4762836118927465,6.324555320336759,134,107,case_00102,297
0.8694600855484936,0.7955677523171079,2.23606797749979,1.1471319639073758,0.909365383242154,3.1622776601683795,28,18,case_00079,464
4.3792847046210355,2.573298559412074,8.94427190999916,1.563869526967758,0.8242039205328016,2.8284271247461903,16,45,case_00203,422
0.8020518770908456,0.766473755078595,3.0,0.8914925622905935,0.9637733664263675,5.385164807134504,199,195,case_00102,332
2.241531916781756,1.678366460697286,6.0,3.2996363054650066,2.77231556374641,13.038404810405298,225,145,case_00113,368
1.6332688319444846,1.0805543751998479,4.0,3.9181882321668358,5.268763606656364,17.46424919657298,116,91,case_00113,349
0.6900473433974504,0.6838529729329413,2.0,0.9214134821416465,0.9059848319272915,4.123105625617661,106,89,case_00113,435
1.0495985868998727,1.0299722357315224,4.242640687119285,1.2027087334620177,1.1614414526392343,4.242640687119285,88,80,case_00079,335
0.5123340738590421,0.6370294182295092,2.8284271247461903,0.6016018043847164,0.7476667048352448,2.8284271247461903,215,205,case_00102,380
1.9655213829436746,1.451805836172595,7.0,3.5115047266780786,2.873062371920501,12.806248474865697,229,138,case_00113,369
0.8721890638968222,0.8339224110767008,3.0,1.060915938165726,0.8465002275864033,3.0,76,57,case_00079,459
0.42299251011783895,0.5364177504994373,2.0,0.5402614123273657,0.6008412172392231,2.23606797749979,121,105,case_00079,441
0.7524774473240292,0.7095054224128733,5.0990195135927845,1.2267506725503385,1.3816207478340676,7.0710678118654755,203,158,case_00102,311
0.5420560747663551,0.5516394229298581,2.0,0.5633349933583397,0.533313788273268,2.0,113,107,case_00134,363
0.8565685424949239,0.38247919160148036,1.4142135623730951,0.8370097073805952,0.4037958808445351,1.4142135623730951,22,25,case_00203,418
0.8181818181818182,0.7959954870644665,2.0,0.8068423963919407,0.7165116251871606,2.0,73,66,case_00161,157
0.775298994696937,0.6769294665770015,2.0,0.8545088487911502,0.6735266563020263,2.0,136,118,case_00079,354
0.5554111371682949,0.6280504271173681,2.23606797749979,1.092823562053978,1.5030049432558397,7.615773105863909,289,239,case_00102,346
0.700397126088931,0.6323407504427306,2.23606797749979,0.7611747550206569,0.6775503898462323,2.8284271247461903,78,73,case_00133,147
1.5553627993586463,1.2684697775097924,6.0,2.9063531319391385,3.2133142859344352,13.601470508735444,202,142,case_00113,366
0.6552128425358745,0.6603641013567247,2.0,0.6697774447066576,0.6888215281472724,2.0,52,52,case_00154,340
1.2493964601898475,0.9519000727087764,3.0,1.4741421620868687,1.054807646764157,4.123105625617661,189,152,case_00113,376
0.4353553390593274,0.5571945160826137,2.0,0.4843820261568882,0.5687825486245764,2.0,43,40,case_00133,127
1.1255248119617125,1.526086032473142,5.656854249492381,0.6998583762334335,0.7440944255169952,2.8284271247461903,46,47,case_00133,174
0.36279611588277283,0.49333455007770705,1.4142135623730951,0.3758002767831244,0.4965171235824032,1.4142135623730951,49,48,case_00133,131
3.2338624530254507,1.957449186855878,7.0,1.7131202762478186,1.3286154142973798,3.605551275463989,20,38,case_00113,442
0.6126007977866527,0.521324357843146,1.4142135623730951,0.675910121414068,0.5857862304373669,2.0,35,34,case_00033,184
1.0496289667154692,0.9633949234350745,4.0,1.201712844235367,1.01862336369873,5.0,164,134,case_00113,420
0.9272419965160273,0.6172220189184053,2.0,0.9147946999815411,0.5873404793676869,2.0,55,54,case_00086,389
0.9229420854230006,0.7544736831288352,2.23606797749979,0.8933658060911362,0.7476900384851946,2.8284271247461903,56,57,case_00086,399
0.9082041456917102,0.8092558059588578,4.0,1.108432110247639,0.9760619541251708,5.0,182,148,case_00113,411
0.40030899048637164,0.5027884151376716,1.4142135623730951,0.4130683736675127,0.504882593846622,1.4142135623730951,47,46,case_00133,130
0.647887323943662,0.5837854021426113,2.0,0.7505268752056713,0.6421208341827662,2.8284271247461903,82,71,case_00161,139
0.6472471971056227,0.5918630205289772,2.0,0.5928543677835806,0.5137200735658928,1.4142135623730951,26,26,case_00125,193
0.76776667517857,0.8382971577507801,4.0,1.007599945018531,0.9949490931444246,4.47213595499958,193,154,case_00113,397
1.1162114756698203,1.1312439910222851,5.0,1.2917275169226592,1.2549208203751603,5.830951894845301,189,156,case_00113,401
0.869078010489544,0.7300265103413595,3.0,0.9193632226571141,0.7700477335961302,3.605551275463989,178,170,case_00102,400
0.4280763297370033,0.5779204402244665,2.0,0.7883901659778488,1.0290755568688703,4.123105625617661,72,58,case_00134,328
0.433925565098879,0.5196555948769839,1.4142135623730951,0.8035867700662145,0.9071925390866863,4.0,32,24,case_00154,311
0.8400733524199802,0.7186786380407296,2.0,0.7962078768195728,0.6954854964080829,2.0,34,36,case_00075,341
0.4795134634410018,0.5105221602581655,1.4142135623730951,0.5076706215254277,0.5457344552028409,2.0,54,53,case_00133,133
0.5159312908605037,0.5218011513714328,1.4142135623730951,0.6630974075664057,0.6274035076504159,2.23606797749979,30,26,case_00125,188
1.0876557602056631,1.1728441950446782,7.0710678118654755,1.0181605919652466,0.990478734760735,3.605551275463989,113,111,case_00102,415
1.9189359533733665,2.3923626590810465,10.0,1.0993883268973443,1.2172378105066484,6.082762530298219,155,175,case_00102,302
0.6987319679373564,0.6499907097002808,2.23606797749979,0.7524207663234188,0.7232901939685021,2.8284271247461903,56,56,case_00086,398
0.6290322580645161,0.5307897636098172,2.0,0.7243444525764071,0.5660349252095637,2.23606797749979,142,124,case_00079,359
0.625,0.5332682251925386,2.0,0.7317335621676909,0.5857793292433686,2.8284271247461903,140,120,case_00079,356
1.0860206292602492,0.8586185762536466,3.0,1.0389306967066192,0.6617132209281023,2.23606797749979,29,24,case_00115,315
0.7552284749830793,0.5741340876265163,2.0,1.0144678020127513,0.741486646609681,2.8284271247461903,38,30,case_00033,193
1.3783418598254111,0.5016860262835492,2.0,1.2708780925549912,0.44685980875281484,2.0,27,33,case_00033,176
0.5775351520603118,0.5729650049758213,2.23606797749979,0.6263053546030268,0.6142693678279897,2.23606797749979,217,207,case_00102,379
0.8466872150997387,0.7581473646022359,3.1622776601683795,0.7285668231301975,0.6023349612222149,2.0,47,48,case_00086,409
0.7428454425469884,0.6277950258110644,2.0,0.9877447946247278,0.926117462325966,4.0,42,37,case_00115,349
1.571611187165055,1.049507907452925,4.0,1.6973816413787035,1.270197251617257,5.385164807134504,91,84,case_00113,338
0.8725503716564607,0.7511572699981073,3.1622776601683795,0.9371368609989789,0.7657812797420978,4.0,99,86,case_00079,338
0.6280456879586257,0.6084936287172756,2.0,0.719119267647785,0.6177391489236402,2.23606797749979,158,136,case_00079,372
1.2922186919504515,1.1212395602385503,5.385164807134504,1.9188186072550808,1.803182876411876,7.280109889280518,180,137,case_00113,359
0.6221213129686609,0.5668319021398522,2.23606797749979,0.659898992581146,0.5985443113793322,2.23606797749979,223,216,case_00102,368
1.7034128148740737,1.0120823622851602,4.47213595499958,1.9679858459865998,1.2943796996131394,5.0,62,54,case_00113,329
1.7552823329098752,1.162504350188376,4.0,1.556552502716908,0.9854357920357487,3.605551275463989,33,37,case_00086,414
0.8917393855807663,0.6174718264336696,2.23606797749979,0.9572803369484113,0.6364298295338674,2.23606797749979,56,51,case_00115,319
0.6812142445566888,0.9604695595706294,4.0,0.7853862494828698,0.9495719865506511,4.123105625617661,135,119,case_00134,349
1.5391373183429193,1.2389118084554365,6.0,1.9489042789432123,1.4712453259709126,6.324555320336759,215,156,case_00113,371
2.664827828064906,1.2220013262535643,5.0990195135927845,2.1982715695320083,1.1200708139784774,4.0,23,37,case_00125,179
0.6458158111598078,0.6130082225493735,2.0,0.7367667499592001,0.624251626812354,2.23606797749979,163,140,case_00079,377
0.8295453348929888,0.8376664287363171,4.0,0.9538590743650129,0.9642860170821054,4.47213595499958,131,118,case_00134,345
0.4838709677419355,0.4997397866074087,1.0,0.5129441738241592,0.5178206972880195,1.4142135623730951,32,31,case_00133,124
1.1467012654291886,0.6348424417222082,2.8284271247461903,1.1576783947341316,0.6401411831508766,2.8284271247461903,40,39,case_00086,412
0.8362219129418963,0.5483912037184729,2.0,0.7697056274847713,0.49754723094222353,1.4142135623730951,25,28,case_00203,415
0.0,0.0,0.0,1.5889514533050855,0.8351380133019206,2.8284271247461903,9,1,case_00194,156
0.7894736842105263,0.6137844099837158,2.0,1.0717513712988211,0.8742954171102384,3.0,23,19,case_00033,174
0.8382800571023634,0.70153997800286,2.8284271247461903,0.9453811577641876,0.8847174999850167,5.0,204,195,case_00102,387
0.5764519097967526,0.6462996175858969,2.23606797749979,0.5129441738241592,0.5471638461556563,2.0,64,64,case_00133,163
0.8125,1.03392959947313,4.0,1.0625094888760964,1.2197295817987377,5.0,60,48,case_00113,326
1.242154248721159,0.9430328132679703,4.0,1.567319919107501,1.316808437717897,6.0,189,155,case_00113,381
0.897133976907458,0.687076199850705,2.0,0.9165133476483185,0.7206790433906571,2.0,64,65,case_00154,329
1.074499766773618,0.8238832347710285,2.8284271247461903,1.0471740730489214,0.7753069581390221,2.8284271247461903,43,42,case_00086,411
0.7726404798996774,0.7562128388566047,3.0,1.2170127437632776,1.3815157848793187,7.211102550927978,272,231,case_00102,340
0.7489987337784817,0.7044803499494487,2.8284271247461903,0.8679655419766984,0.8962622742515246,5.0,203,192,case_00102,389
1.9478708664619073,0.6370236161940448,3.0,2.740153494342151,1.114252586913982,5.0990195135927845,28,10,case_00102,423
0.8898181851811082,0.7997475516315177,3.605551275463989,1.1143875862649613,0.9445427074173272,4.47213595499958,194,153,case_00113,389
0.9714285714285714,0.6963461489687965,3.0,1.2333029651191345,0.9256033567387967,4.123105625617661,45,35,case_00134,325
1.382531606811504,0.9787172226536297,4.0,1.5941327092935116,1.0957537994602151,4.0,186,153,case_00113,377
1.3051144202451805,0.6893821716867321,3.0,1.1798826058744614,0.6169313649687161,2.23606797749979,22,28,case_00014,172
0.6666666666666666,0.4714045207910317,1.0,2.537985406410658,1.1439537039786736,4.242640687119285,20,6,case_00014,188
0.6875,0.7473912964438374,2.0,0.7183520743296995,0.6956797375992907,2.23606797749979,72,64,case_00161,158
0.6564218754469013,0.6843908948651648,2.0,0.7561285035627515,0.704693314475463,2.23606797749979,161,139,case_00079,375
1.6727127387287448,0.9431500907568114,3.1622776601683795,0.8535533905932737,0.5210053832799871,1.4142135623730951,8,16,case_00075,331
0.6768496446746957,0.619196748334927,2.23606797749979,0.6959924229703391,0.6117460998023395,2.23606797749979,191,183,case_00102,319
1.357320324567998,0.8445336536042727,3.605551275463989,1.1793123453916357,0.7111779778260927,2.8284271247461903,29,36,case_00194,173
1.297383238940678,1.0264691113613469,3.0,1.9706249315283866,1.6046715279371273,5.0,24,19,case_00113,316
0.8454983092824385,0.6446451672115704,2.23606797749979,0.882742310241901,0.6861239055074466,2.8284271247461903,48,46,case_00086,383
0.7343861898054145,0.48831823844790356,1.4142135623730951,0.7131370849898476,0.5014334432526244,1.4142135623730951,25,27,case_00033,175
0.5998285239945602,0.6341218366428247,2.8284271247461903,0.6332363775387057,0.6487907970839568,2.8284271247461903,219,210,case_00102,377
0.5653009687409354,0.5362626892516551,1.4142135623730951,0.6340920725642704,0.5546211886197524,1.4142135623730951,31,28,case_00125,190
0.6052631578947368,0.4887940952896503,1.0,0.675,0.5651327277728657,2.0,40,38,case_00154,313
0.6696902266307699,0.6557588529729692,2.0,0.754219247669168,0.6505991935879745,2.23606797749979,127,107,case_00079,348
0.7127538136138052,0.6415799703246932,2.0,0.767302468302689,0.6412853671623897,2.23606797749979,123,112,case_00079,438
3.436613238961948,2.205472296457752,8.06225774829855,1.5292964356755627,0.7782652865665178,3.1622776601683795,18,43,case_00203,421
0.699011296400149,0.6715939099774328,2.8284271247461903,1.2048763785579997,1.494275987230281,7.615773105863909,279,232,case_00102,342
1.3171090380671127,0.8525035151718654,2.23606797749979,11.142760181853719,6.829267569051259,19.849433241279208,75,13,case_00102,295
1.1728567357918016,0.6708118012204592,2.8284271247461903,1.140724755112299,0.6791517010756769,2.8284271247461903,80,86,case_00115,336
0.6329237051634888,0.7183830803330407,2.23606797749979,0.7065579603057949,0.7284412090190748,2.8284271247461903,134,120,case_00079,435
0.7930630340831647,0.654997739281258,2.8284271247461903,0.8639872302995271,0.7356611303827765,3.0,73,69,case_00115,324
0.6543658025221353,0.6277161928067367,2.23606797749979,0.9162738634920653,0.9345614854274101,4.123105625617661,108,90,case_00134,335
0.6736907400868206,0.5820856582587655,2.0,0.6982958839225284,0.5980141751956638,2.0,84,82,case_00115,328
1.1047245104836094,0.9418183330481922,3.1622776601683795,1.045966340149732,0.874235522389195,3.0,120,121,case_00102,413
1.644969343810897,1.3600115490237215,3.605551275463989,0.375,0.6959705453537527,2.0,8,18,case_00079,326
0.9948340689714853,0.745492938040451,2.23606797749979,0.8112743980196366,0.628064829508264,2.0,19,22,case_00075,360
1.2852464563461052,0.7608618647422208,3.0,1.44151066918244,1.0026865531992177,3.605551275463989,24,26,case_00033,197
0.6637931034482759,0.7650103167801228,3.0,0.8881604900560979,0.8959465607266763,3.605551275463989,142,116,case_00134,350
0.5011119845214824,0.5935781792072637,2.23606797749979,0.5371058561249318,0.5972257442867686,2.23606797749979,62,58,case_00133,165
0.6375362745862905,0.6126709397423838,2.23606797749979,0.691879141456758,0.6464170308361241,2.23606797749979,58,55,case_00086,396
0.8843076683659766,0.5500063544384293,2.23606797749979,0.993227386503139,0.707348191461109,3.0,76,71,case_00115,325
1.2741762149310025,1.0274139627803607,4.0,1.9411170302069882,1.8008819467559536,7.615773105863909,180,134,case_00113,356
0.6575342465753424,0.6666041129093939,3.0,0.7971699113949744,0.7301092097824992,3.1622776601683795,89,73,case_00161,141
0.712908449534217,0.6169687443230879,2.0,0.7939966985607007,0.6183767100200497,2.23606797749979,156,135,case_00079,418
0.7453806660009229,0.8366380449797728,3.605551275463989,1.0912670822667654,1.1305585804519585,4.0,113,90,case_00134,337
0.5256731235569838,0.5389694273959702,2.0,0.5595240987866319,0.5678805670495892,2.23606797749979,225,217,case_00102,367
0.7295250204322845,0.6933028061705517,3.0,1.2900018850390418,1.509754295944284,7.0710678118654755,283,233,case_00102,343
0.7213114754098361,0.6561474129898196,2.0,0.7986599324881555,0.6127606756078169,2.0,75,61,case_00161,135
0.8924793042729761,0.830856664357687,3.0,0.9257957149535527,0.7904618934629382,3.1622776601683795,83,76,case_00134,331
0.6712743581968725,0.5898744672441025,2.23606797749979,0.7562645756332694,0.6055693175770196,2.8284271247461903,163,139,case_00079,385
1.1258717772369962,0.7710263982111438,3.0,1.0847011032718301,0.7332865952999474,2.8284271247461903,28,29,case_00194,165
0.8776508491897946,0.8717398288470657,4.0,1.2643433880350552,1.241503995236839,5.0,193,149,case_00113,387
0.6108905868047255,0.5753590557782629,3.1622776601683795,0.6395553555531392,0.5752210541041097,2.8284271247461903,223,213,case_00102,373
0.7601906703542828,0.6621960339123583,2.23606797749979,0.8275623443571507,0.71990663714269,2.8284271247461903,64,61,case_00133,135
0.7283698525208421,0.5887039408784399,2.23606797749979,0.7686025463956702,0.5976343299549971,2.23606797749979,192,179,case_00102,320
1.1879337412762305,0.9183457305845725,4.47213595499958,0.941676237218999,0.5060662082318977,2.0,49,55,case_00086,407
0.7100998656720071,0.6573597319095792,2.8284271247461903,0.7739696920925384,0.7471118764260503,3.605551275463989,229,220,case_00102,362
0.7981047915915134,0.6495015558491232,2.23606797749979,0.6837388663705584,0.6281481737070842,2.0,29,34,case_00033,181
0.8921305420525222,0.8179677553567224,4.0,1.1094921942370808,0.9833329739176117,4.47213595499958,192,157,case_00113,398
0.617190060379205,0.6705109275361472,2.0,0.666390260549081,0.5870744544021014,2.0,71,59,case_00161,133
1.284951453158515,0.8528060397324816,3.0,1.1253200883064076,0.7825871054661823,2.8284271247461903,33,37,case_00075,350
0.8249793399589798,0.804617355418615,3.0,0.9037612982062555,0.9410130669658215,4.242640687119285,131,125,case_00134,356
1.3333333333333333,1.1683661091795523,3.0,0.8,0.9092121131323905,3.0,15,21,case_00079,327
0.8681622179607277,0.8045555243312335,3.1622776601683795,0.8551948129299797,0.7703992006644073,3.0,197,197,case_00102,330
0.6993460266856708,0.6689804580619856,2.23606797749979,0.7974192009860264,0.710793157238683,2.8284271247461903,163,142,case_00079,378
0.7548898801527796,0.7921550920719718,3.0,1.122099819603494,1.2100810923921401,5.0990195135927845,94,76,case_00134,332
0.5953717849152731,0.5409170558008072,1.4142135623730951,0.5831103238520995,0.544376695479092,1.4142135623730951,33,34,case_00033,183
1.1172629444289326,0.8928482841225254,4.0,1.2442007114688158,1.0066056388482718,5.385164807134504,155,132,case_00113,423
0.8239351891547887,0.8858368715586746,4.0,1.0504664556043055,1.0367731690338566,4.47213595499958,185,151,case_00113,408
0.6530612244897959,0.5907801969849031,2.0,0.7770397870993042,0.682923573953308,3.1622776601683795,57,49,case_00134,326
0.8069325910605509,0.7408507228074395,2.0,1.1306518497622324,0.902340837611728,3.1622776601683795,54,35,case_00079,462
0.9976027148616468,1.096247472184255,5.0,0.6665058073687276,0.5105761858240608,1.4142135623730951,61,66,case_00133,167
0.9742754681760979,0.8415734523178335,3.1622776601683795,0.9708050008436568,0.8128420839939028,3.0,189,181,case_00102,316
0.9006388763622367,0.828567458321662,3.605551275463989,1.1081762689413714,1.0658152247725003,5.0,239,215,case_00102,335
0.7960237291525661,0.5319895575034428,2.0,0.8238015069303439,0.5668783618901807,2.0,36,36,case_00033,185
0.6158815930899684,0.533877820880983,2.0,0.686202607272524,0.5571139755672894,2.23606797749979,160,143,case_00079,393
0.6804977647648456,0.6942065918370763,3.0,0.8348203412719231,0.9839559631514366,5.385164807134504,212,200,case_00102,333
1.0243106739624772,0.498081258936564,2.0,1.1388502964762124,0.5752625304678107,3.0,43,37,case_00033,189
0.8265730555526003,0.6638854765569121,2.23606797749979,0.8923260366266319,0.6873215846866132,2.8284271247461903,134,121,case_00079,434
0.7593852998763404,0.5847551773986369,2.23606797749979,0.8205447768663329,0.6454408645312274,2.8284271247461903,89,86,case_00115,332
0.42028985507246375,0.5491969658404758,2.0,0.5927717833296076,0.6661849111018674,2.8284271247461903,83,69,case_00161,153
0.7541421356237309,0.6864908151438577,2.0,0.9835106466385347,0.7954286944463667,3.1622776601683795,130,100,case_00113,432
0.6659898558740246,0.6554325596360812,2.0,0.7691072260690572,0.6683491866666064,2.23606797749979,157,134,case_00079,369
1.814599416281233,1.5333181583970645,5.385164807134504,2.121893707252293,1.7960765001928751,7.0,173,146,case_00113,364
0.6667681488619349,0.6642964706218302,2.23606797749979,0.7292845638289432,0.7748671868365319,4.123105625617661,189,184,case_00102,392
0.6421144946055048,0.777772688597293,3.0,0.7208681705329916,0.8076039132597229,3.0,64,58,case_00154,335
1.6959875588572664,1.0526163594593094,4.0,1.6648788568552502,1.0315034112976762,4.123105625617661,67,64,case_00113,333
0.5919627825494395,0.61542402515907,2.0,0.7586622643621835,0.7622029308283191,3.605551275463989,115,96,case_00079,343
1.4011390073565682,1.2783289554357522,6.0,1.9894257668973734,1.680219479400587,7.0710678118654755,210,149,case_00113,373
0.36363636363636365,0.4810456929208346,1.0,0.45118446353109126,0.5444562240145312,1.4142135623730951,24,22,case_00125,194
0.6033587347676322,0.5459475192732417,2.23606797749979,0.6445963127476837,0.5990257730498172,2.8284271247461903,226,219,case_00102,365
2.128000380094823,2.292581101685714,10.0,1.1127112555970975,0.8653823713714751,3.0,77,102,case_00102,417
1.4243172135047304,1.0424514812204622,4.0,1.648879529307936,1.2170440821224349,4.47213595499958,60,52,case_00113,328
0.8298595706249925,0.6739363737766689,2.23606797749979,0.7190449467545591,0.5457006316301531,2.0,27,28,case_00125,183
0.5917663315656456,0.6221742074520277,2.0,0.6651569688100112,0.6422834568199204,2.23606797749979,131,118,case_00079,436
1.314495911042596,0.6947134773716204,2.23606797749979,1.2440915361961444,0.6724851296237839,2.23606797749979,35,38,case_00075,340
0.9502841166413539,0.6009251542874441,2.23606797749979,1.0255277372185307,0.6695467572884212,2.8284271247461903,56,53,case_00086,392
0.7133883476483185,0.6050430277588545,2.0,2.660617261684119,1.7702773071683744,6.4031242374328485,47,16,case_00154,344
0.8762122952052829,0.7520540851989461,2.23606797749979,1.108533503314481,0.9392894032940191,3.605551275463989,54,45,case_00115,318
0.8165685424949238,0.5772484867089006,2.0,0.9435711929788421,0.6134656228731575,2.23606797749979,30,25,case_00161,126
0.39090909090909093,0.6044600076319742,2.0,0.40578506734366787,0.5640009750085102,2.0,116,110,case_00134,362
0.5172856381445363,0.5579990474816713,1.4142135623730951,0.5,0.5,1.0,20,19,case_00125,199
1.7216182621782514,1.4845108604581538,7.0,2.568521733575924,2.097176828405911,8.48528137423857,220,155,case_00113,370
0.9375502749773009,0.8941872904830488,2.8284271247461903,0.755453980694907,0.7676517980518376,2.23606797749979,25,28,case_00125,192
0.7835899354188769,0.9473316181726594,4.0,0.9721160685256198,1.0627909064369039,5.385164807134504,161,131,case_00113,422
0.9529104832842578,1.303825759389253,6.0,0.7871712170798444,0.9637160223713364,4.242640687119285,124,125,case_00134,357
0.9547354936957828,0.7330068449307041,2.8284271247461903,0.9761017242120734,0.7246837934304904,2.8284271247461903,136,127,case_00079,431
0.8324470752718214,0.8608101596881476,3.1622776601683795,0.6942955328423772,0.6913419653652738,2.8284271247461903,50,53,case_00154,317
0.6901408450704225,0.6627205834376673,2.0,0.8505275827222255,0.7625489360094706,2.8284271247461903,82,71,case_00161,154
1.5694566403638557,1.2186392887506805,5.0,1.3786368455822406,0.8979181475653485,4.242640687119285,58,58,case_00115,346
0.6714243271984174,0.81660053371871,3.0,0.6018427172070281,0.6829031939567203,2.23606797749979,35,34,case_00075,344
1.8009231987039434,1.1286793218980764,4.0,1.3756950575994547,0.9662039458717672,3.1622776601683795,23,29,case_00014,186
1.6821201483569335,1.4256720422344298,4.0,1.5780709636172308,1.3075519239357891,4.0,65,58,case_00113,331
0.8568481606054694,0.775153388729467,3.0,0.8256580058244012,0.7300332480661053,3.0,191,194,case_00102,329
1.0701108832203445,1.009621900428027,4.0,1.2893120824769118,1.2063670307176746,5.656854249492381,187,152,case_00113,403
0.7628812384238993,0.6325781162857872,2.23606797749979,0.7887266198111955,0.6561569157972612,2.23606797749979,57,56,case_00086,394
1.2297355883043597,1.0695795355455013,5.0990195135927845,1.5744420650876785,1.3193348243734035,6.324555320336759,164,128,case_00113,353
1.1352514139876353,0.9315743304015904,3.605551275463989,1.0197452718693543,0.852263660338667,3.605551275463989,77,83,case_00115,338
0.9574374284465255,0.7925535671590918,4.0,1.1619539822410645,0.9915625429025973,5.385164807134504,177,145,case_00113,415
1.2599980094245706,1.212942103176357,5.0990195135927845,1.7567400995265683,1.5375633936654538,6.324555320336759,211,153,case_00113,372
1.4608465137288162,1.1711299846107834,4.0,1.5077280032692328,1.0571969348550265,4.0,110,89,case_00113,347
0.7601590591054934,0.7025573117464671,3.0,0.9824236473703615,0.8732654053533736,4.123105625617661,191,154,case_00113,384
0.8451596081796784,0.9621357683308384,3.0,0.5350508560714186,0.6896559601148997,2.23606797749979,21,25,case_00125,197
0.9741963281073743,0.522650683080326,2.0,1.088744411912114,0.6242079825908554,3.0,40,36,case_00033,190
0.9710823674384926,0.8035600245590911,4.0,1.093694608806866,0.8575190679989948,4.0,146,124,case_00113,426
1.125683970599377,0.7279677517658204,2.8284271247461903,1.1879494857953623,0.7404292529728914,2.8284271247461903,74,69,case_00115,343
0.6578947368421053,0.4744146415084196,1.0,0.6578947368421053,0.47441464150841967,1.0,38,38,case_00133,126
0.8440946582113878,0.6497073130220907,2.8284271247461903,0.8440946582113878,0.6497073130220907,2.8284271247461903,52,52,case_00154,318
0.7546918160678028,0.6775040157310586,2.0,0.832544765356262,0.6926100777859979,2.8284271247461903,81,70,case_00161,138
0.48717948717948717,0.4998356074261007,1.0,0.592094194143536,0.5161838256447615,1.4142135623730951,47,39,case_00161,165
0.8859496994081367,0.9092828260657994,4.0,0.8314701039200446,0.7912760477529368,3.605551275463989,189,188,case_00102,327
0.5414523874801789,0.7035670913235583,3.0,0.6208799398491889,0.8280085432447134,4.242640687119285,211,203,case_00102,383
0.6073686169272965,0.5256088407688778,1.4142135623730951,0.9841679341181917,1.0547485759813149,4.0,37,31,case_00154,312
0.7077247417785304,0.7064882800687586,2.8284271247461903,0.7574068560725046,0.7798416737983076,3.605551275463989,77,74,case_00133,150
0.9077172153249933,1.0287868575069914,4.242640687119285,1.0319845386359245,1.081168830789793,4.242640687119285,171,153,case_00102,405
0.5,0.5,1.0,0.5161290322580645,0.4997397866074087,1.0,31,30,case_00033,182
1.2387105359423227,1.7028089946604192,6.4031242374328485,0.7107195640238105,0.7561750976043059,2.8284271247461903,52,53,case_00133,173
1.0926563321678173,0.9514929221990809,3.605551275463989,1.0761726133794198,0.9823082150165663,4.242640687119285,130,131,case_00102,412
0.7770950641613702,0.8540823113666325,3.0,0.619245247266056,0.6317784575233435,2.0,23,24,case_00194,175
1.0854282396866894,0.8896867461009093,3.1622776601683795,0.8847191120514614,0.6772380697477818,2.0,29,33,case_00125,187
0.6343477967946523,0.5602516777924118,2.0,0.6678879541811843,0.5888280508369698,2.23606797749979,222,215,case_00102,371
0.53125,0.5581428468591172,2.0,0.5899574898580052,0.523040898766113,1.4142135623730951,37,32,case_00075,347
0.6368606140689893,0.5547028677899396,2.0,0.7126903958192328,0.565006985385301,2.0,162,143,case_00079,396
0.889383518260285,0.7304822292772695,2.8284271247461903,1.0012926378665739,0.8980302219217634,4.47213595499958,199,191,case_00102,325
0.9332842853425285,0.9409520174498495,4.47213595499958,1.0647994818983446,1.0721189568180713,4.47213595499958,173,156,case_00102,404
0.8330751118287468,0.5531598847092231,2.0,0.8758296079414091,0.5769943655298528,2.23606797749979,60,57,case_00115,320
1.6256594997622729,1.469543048783541,5.0990195135927845,1.349986979380557,1.1908154704306135,4.47213595499958,79,86,case_00115,339
0.6607142857142857,0.7140624651118646,3.0,0.7748808427838023,0.7320678355523488,2.8284271247461903,66,56,case_00161,161
3.1622776601683795,0.0,3.1622776601683795,4.307875806162816,0.7803029574106025,5.385164807134504,6,1,case_00125,176
0.5769230769230769,0.49404740687173565,1.0,0.5416666666666666,0.4982608642958916,1.0,24,26,case_00203,407
0.6084138844160698,0.5731166392943505,2.0,0.7268149616984099,0.6333654365034623,2.23606797749979,85,73,case_00079,453
0.5813001641646588,0.5199856248183374,1.4142135623730951,0.6270350440300775,0.5594348974057588,2.23606797749979,228,217,case_00102,366
0.30864197530864196,0.46193301071283227,1.0,0.3460495713220364,0.4828984061460786,1.4142135623730951,85,81,case_00134,371
0.42394745771685577,0.5659227448118822,2.0,0.6555452864910395,0.7314138771669034,3.0,85,68,case_00079,455
0.5474452554744526,0.5399486717929031,2.0,0.6285677753100302,0.5487304287966625,2.0,158,137,case_00079,414
0.6652713951864506,0.6590425234154094,3.0,0.6279263852517235,0.554257153330597,2.0,67,65,case_00133,162
1.2466538195935053,0.9563494414140282,3.0,1.1378520971370487,0.8973809698454835,3.0,30,32,case_00075,335
0.6327293214861108,0.5913151492493034,2.8284271247461903,0.6806511899237386,0.6218632949896615,2.8284271247461903,220,208,case_00102,378
0.4970418469783826,0.5823712723890511,2.0,0.8640778063014367,0.8112530119631001,3.1622776601683795,42,29,case_00079,463
0.5882352941176471,0.6470588235294117,3.0,0.9282133026487687,0.8959093935372043,4.0,137,102,case_00113,431
0.8858033220924034,0.9965592066444621,3.605551275463989,1.0847576673712183,1.0436108412092506,3.605551275463989,79,63,case_00133,137
0.3562001490370669,0.5076778884699981,2.0,0.43071067811865477,0.5426677729095111,2.0,100,91,case_00134,368
0.7083333333333334,0.5384519993050035,2.0,0.7136614592336129,0.5628270410403976,2.0,23,24,case_00194,162
1.3982153704498694,1.1232365932894106,3.0,1.3636336001571487,1.0534392121775338,3.0,65,60,case_00113,332
1.3333333333333333,1.1547005383792517,3.0,1.309564720176572,0.8376794794762035,2.23606797749979,12,9,case_00194,179
2.010344485633356,1.9285706142894923,7.0,1.6242392703658655,1.358696919447877,5.385164807134504,95,92,case_00113,342
1.482842712474619,0.448528137423857,2.0,13.23194586962264,11.85498243370172,27.018512172212592,8,5,case_00102,294
0.6572086247867768,0.5771081198798189,2.23606797749979,0.6803932661369878,0.5744706652612145,2.23606797749979,227,217,case_00102,369
0.7551796632059161,0.5655206153537546,2.23606797749979,0.8063002213203132,0.5958256105833478,2.8284271247461903,195,182,case_00102,321
0.5040616632398077,0.6062536278436117,2.23606797749979,0.5657562846729738,0.6701869855374708,2.8284271247461903,78,74,case_00133,154
1.1165169396282004,0.9479194131601368,3.1622776601683795,1.0280664612566053,0.8543796563243767,3.1622776601683795,61,62,case_00154,324
0.692927837521596,0.6655283127445201,3.0,0.8238076022154152,0.7558710435861982,3.0,120,104,case_00079,442
0.6254127743407694,0.4903445819623205,1.4142135623730951,0.7411545362750857,0.5836079251000595,2.8284271247461903,109,95,case_00079,446
0.5802905905084894,0.594069022068229,2.0,0.5471404520791032,0.5170144991828965,1.4142135623730951,30,29,case_00125,189
0.9347826086956522,0.9646394666232084,4.0,1.1490988321115976,1.121837440300873,4.47213595499958,57,46,case_00113,325
0.96290468436138,1.205444423843653,5.0,1.144535860812953,1.2151355962384351,4.47213595499958,89,71,case_00079,333
0.4823529411764706,0.5863499197353935,2.0,0.4807865186752436,0.5559444293430873,2.0,87,85,case_00134,370
2.731390779560366,1.5602055157695986,6.082762530298219,2.0494613552093064,1.2614970551572051,4.47213595499958,24,38,case_00125,180
0.8148333222778679,0.878368104995482,3.1622776601683795,0.8840415974089679,0.9528191819251643,4.123105625617661,132,124,case_00134,354
0.9681262416387977,0.7892661175637187,4.0,0.9879962607659746,0.7767564407197614,3.605551275463989,195,191,case_00102,326
0.5345177968644246,0.6172174588440191,2.0,0.5142794402063561,0.6226480309328178,2.0,23,24,case_00133,122
0.7992907533172944,0.8444463268462017,4.242640687119285,0.913602119170556,1.062025429435122,5.0,187,179,case_00102,394
0.7109407140930445,0.6230411883025612,2.0,0.7827411580045013,0.6519602201226513,2.8284271247461903,53,47,case_00086,387
0.872171031892978,0.7332531844889608,3.1622776601683795,0.8698007102531241,0.6986612737993932,2.8284271247461903,188,181,case_00102,317
0.9718146758618659,0.9249736405863125,3.1622776601683795,0.8600681271633261,0.8466431100340941,3.1622776601683795,92,100,case_00102,416
0.891868262239972,0.5319796757001833,2.0,0.9920776640375722,0.6392488180473209,2.8284271247461903,56,51,case_00086,391
0.8807010257428184,0.8331042389476344,3.1622776601683795,1.1317687333086754,1.0216530032159652,4.123105625617661,77,66,case_00133,139
0.5357142857142857,0.6257648381405441,2.0,0.5428524878950385,0.5347488547687501,1.4142135623730951,31,28,case_00194,168
0.8261844635310913,0.8321173187837416,3.0,0.6121320343559643,0.6521459748516651,2.0,20,24,case_00203,403
0.5415303830948015,0.5637871542491091,2.0,0.5759373179780034,0.5787597709127432,2.0,57,54,case_00086,401
0.8632272514579727,0.8362315210423238,2.8284271247461903,1.134290772290281,0.8592929907180191,3.0,40,27,case_00086,378
1.2743522420114015,0.7078321575631575,2.23606797749979,1.1624920170173054,0.7111646556978871,2.8284271247461903,28,32,case_00014,181
0.7647681414162651,0.5747903332197289,2.0,0.8738942270658423,0.6025524402749323,2.23606797749979,142,118,case_00079,355
0.6963272626959924,0.6464565886462015,2.23606797749979,0.8861638486958623,0.8118855077589336,3.0,81,72,case_00133,143
0.23529411764705882,0.42418250299576343,1.0,0.3007896423540608,0.492807187839067,1.4142135623730951,18,17,case_00194,159
0.6252904708323933,0.559209737745962,2.0,0.6984178518578186,0.5633891278691092,2.0,154,135,case_00079,416
0.513983443418381,0.5515814287332044,2.0,0.7383085514048111,0.7523374203332176,3.605551275463989,117,95,case_00079,342
1.572547343650841,1.3099556255330072,6.0,4.853541486380732,5.905403625010545,20.09975124224178,137,90,case_00113,350
1.0828151329911977,0.9662846775307685,4.0,2.80356063486538,4.300806694795429,17.204650534085253,283,226,case_00102,350
0.6511627906976745,0.6428034865621048,2.0,0.9388848912121461,0.9421920877848241,4.123105625617661,52,43,case_00086,385
0.9911385014928453,0.9516849123271076,4.0,1.1856917599398653,1.1137668130382317,5.656854249492381,164,134,case_00113,421
0.43373493975903615,0.5420347893591322,2.0,0.5995084461961866,0.6637692542890443,3.0,100,83,case_00079,450
1.229079055799039,1.047142555595464,3.0,0.893947718735357,0.7396021378563592,2.0,26,28,case_00113,317
0.7687074829931972,0.833548493673013,4.0,0.9944326222002454,1.0137447141856293,5.0,181,147,case_00113,412
0.5,0.6454972243679028,2.0,0.8633084329506281,0.9598777090145377,3.605551275463989,33,24,case_00133,177
0.8206099814782388,0.7057108683638477,2.23606797749979,0.8602506788842194,0.6819801863745347,2.23606797749979,39,35,case_00033,191
0.7297297297297297,0.776292249532166,4.0,0.9745589265714618,1.0356549943658668,5.0,179,148,case_00113,413
0.812982640143824,0.6321908631345745,2.0,0.9084741721881529,0.6643352656104576,2.23606797749979,75,66,case_00079,457
0.30050762722761054,0.48075330202360844,1.4142135623730951,0.3103448275862069,0.46263475396547377,1.0,29,28,case_00133,123
0.4326923076923077,0.5144904700642979,2.0,0.4843092918492794,0.532260887803709,2.0,112,104,case_00134,364
0.9890298708507255,0.7223710366321432,2.23606797749979,1.1509725379734737,0.8626863474474832,2.8284271247461903,29,26,case_00033,196
0.6797708341533899,0.599744771758976,2.0,0.8958700390135579,0.8278990718667624,4.242640687119285,125,101,case_00079,345
0.7781071078567627,0.6533049771882298,2.0,0.7753398034171851,0.6441872565450713,2.0,62,62,case_00154,330
1.2946097889434438,1.2690826845503294,5.0,1.3691266302647593,1.316604274546612,6.0,176,164,case_00102,406
0.8028947778699067,0.7736945255800098,4.0,1.0228358546641063,0.9995021533376214,5.0,177,148,case_00113,414
1.01552544398698,0.9813875281642194,6.0,1.0062500225809607,0.820563688205471,3.605551275463989,191,179,case_00102,313
0.45118446353109126,0.5444562240145312,1.4142135623730951,1.1783710748727758,1.1611561975747868,3.1622776601683795,19,12,case_00033,172
0.9856224191267284,0.8734548911734229,3.0,1.2262677500615393,1.0212414365984552,3.605551275463989,75,64,case_00133,138
0.5480688690097729,0.6509673155058026,3.0,0.6495319820392197,0.7961922869486834,4.242640687119285,215,203,case_00102,382
0.625,0.6332785063987777,2.0,0.6885618083164127,0.5408782698488621,1.4142135623730951,30,24,case_00134,377
1.8628218812936987,1.8753420022988856,8.0,1.2856629332335356,0.9832543577165048,4.123105625617661,142,154,case_00102,299
0.6627461470961213,0.6155886310606008,2.23606797749979,0.763160044655126,0.6647023171950059,2.8284271247461903,165,143,case_00079,410
1.069623911355058,0.8962550470207339,3.0,1.355635268267298,1.0504425210443866,4.0,119,95,case_00134,340
0.7804299673483066,0.7901027777435379,3.0,1.1656010993221497,1.1614931704281792,5.0,195,150,case_00113,393
0.8415017003813907,0.6107012111796646,2.23606797749979,0.8304843800366987,0.6256011313897548,2.8284271247461903,37,37,case_00033,186
0.5785674201318386,0.5598284456064524,2.0,0.6040790557990391,0.5757751868338135,2.0,56,54,case_00086,400
0.7252220869120796,0.6535884979517984,2.0,0.9106292444528791,0.7302426851035064,2.8284271247461903,80,64,case_00113,438
0.7311746773140461,0.700126402647731,3.0,0.8137580195966242,0.7679233571709778,3.605551275463989,131,121,case_00134,355
0.8929615988768088,0.8773732170723306,4.0,0.9245993287258935,0.848798295870728,3.605551275463989,73,67,case_00134,329
0.6829268292682927,0.6785574508899296,3.0,0.9263294929845948,0.7955015784622895,3.1622776601683795,55,41,case_00113,324
0.6427515703115668,0.5929386993736842,2.0,0.7319383874291241,0.60302343751304,2.23606797749979,159,136,case_00079,373
0.8420291236615282,0.793235304952727,3.0,1.1340840639380492,1.0293358772856596,4.0,81,68,case_00133,140
1.2736195167627695,1.0873842948638068,5.0,1.8200454003892188,1.7804473819961466,7.280109889280518,172,133,case_00113,357
0.584070796460177,0.5275702145411995,2.0,0.8129733315263094,0.6899714947712526,2.8284271247461903,146,113,case_00113,429
1.0081402750861996,0.7077390515292106,2.23606797749979,0.9131370849898477,0.6679675620988221,2.0,25,29,case_00203,414
0.59097412321978,0.600475656672309,2.23606797749979,0.7645598820508841,0.9493567012838262,6.082762530298219,247,224,case_00102,359
2.2990496472298947,1.373244075538165,5.0,1.722146122207995,0.8590206269162977,3.605551275463989,27,35,case_00086,415
0.6447142228150518,0.7923520882597263,2.0,0.45,0.6689544080129828,2.0,20,23,case_00125,198
0.5458794655526079,0.6584049594052893,3.605551275463989,0.558045347860361,0.6448706203605,3.1622776601683795,220,216,case_00102,374
0.8002450614202258,0.5851208955098034,2.0,0.8930576773729096,0.6155636223174645,2.8284271247461903,68,58,case_00161,160
0.9251596081796783,1.0119682304266393,3.0,0.6984563087933033,0.8016193406571034,2.8284271247461903,23,25,case_00125,196
0.5068493150684932,0.5520394980715037,2.0,0.5841600165570912,0.5562009391349255,2.0,83,73,case_00161,151
1.0839136725225433,1.0736116930945103,5.385164807134504,2.3183719936208065,3.636839366064579,15.620499351813308,276,229,case_00102,351
0.9138549356431023,0.584242881716188,2.0,0.8300368210988095,0.5577085938195528,2.0,29,34,case_00033,178
0.5879095651179403,0.5391901145296254,2.0,0.6633069389043716,0.5637267777537197,2.23606797749979,161,143,case_00079,394
0.7508973028026023,0.6496681719166513,2.0,0.9678333619088514,0.8277981656710803,3.1622776601683795,82,71,case_00133,142
0.7481350774428933,0.6469580940561246,2.0,0.8607168271225755,0.707041218210641,3.0,54,46,case_00086,386
1.487630245333323,1.0603328018881049,4.0,1.5799509333236332,1.2031522235398484,4.47213595499958,89,83,case_00113,337
0.6456484845043302,0.6966101449388531,3.1622776601683795,1.322963504113966,1.819237950822287,8.48528137423857,284,235,case_00102,345
1.0099592504392472,0.9160443450126522,5.0,1.2642734756048406,1.115879920903889,5.830951894845301,179,142,case_00113,416
0.9433647700847534,0.6568801123428167,2.0,0.8897056274847713,0.6390805085604858,2.0,25,28,case_00203,413
2.482586946457774,1.4244541921680594,5.0,1.2898923887182563,0.8182364932341043,2.8284271247461903,12,26,case_00075,332
0.5142832262887275,0.6386912840030823,2.0,0.577877856850745,0.6755588525115714,2.0,62,58,case_00154,332
1.0862554110430493,0.5306483237683478,2.0,1.0115543184342517,0.5123203554137804,2.0,21,26,case_00203,419
1.3861175927158227,1.082787153213268,3.1622776601683795,1.1529255631293318,1.0020458967613441,3.0,27,32,case_00014,176
1.1389398641730732,0.9965633780360299,3.0,0.9017281506746022,0.8642258630016588,2.8284271247461903,25,31,case_00014,184
0.8995440511691135,0.7094508439675433,3.1622776601683795,0.96979843858627,0.719600112457583,3.0,192,176,case_00102,314
1.1290474563554764,1.197197159359109,5.0,1.6930536619876229,1.8748525776187608,8.0,173,137,case_00113,361
0.8934985211246464,0.9771114637036842,3.605551275463989,0.983931928185844,0.9994553155241381,4.0,91,81,case_00079,336
0.5864713148664629,0.6312492687227801,2.0,0.6901149255704053,0.6429243961115052,2.23606797749979,154,132,case_00079,366
2.666064495329369,1.6108391631217749,5.0,1.2275843687792782,0.7352929111230629,2.8284271247461903,21,37,case_00086,416
0.4084507042253521,0.5194109553404443,2.0,0.6058853067484775,0.6165677110577966,2.23606797749979,91,71,case_00161,146
1.1845183340529193,0.7230783098796578,2.8284271247461903,1.149211467745035,0.6923243476892188,2.8284271247461903,55,54,case_00086,388
1.6687434733013162,1.221913662290441,5.0,1.6144976083055353,1.048465462338595,4.47213595499958,102,90,case_00113,348
0.45241296258534713,0.5498770451708964,2.0,0.5489737659059021,0.5870183449146598,2.0,161,142,case_00079,403
0.6454708045738901,0.5492515813337862,2.0,0.715609959227307,0.5547775794426155,2.0,161,142,case_00079,392
0.6108143186201936,0.6870053061685621,3.605551275463989,0.6167584391397896,0.6798541169563094,3.605551275463989,216,213,case_00102,376
1.3140300614728433,1.1495728635584668,4.0,1.3661980901723887,1.1945631164902435,5.385164807134504,92,83,case_00113,339
1.185251271434223,1.0578227391075887,5.0990195135927845,1.6452384454061704,1.4744974868442022,7.615773105863909,168,126,case_00113,352
0.5068493150684932,0.5520394980715037,2.0,0.6342232996147099,0.6138652732218124,2.23606797749979,86,73,case_00161,148
0.9769850239517588,0.9145216980348777,4.0,1.1952531775868727,1.1325192219086384,5.656854249492381,187,153,case_00113,404
0.5300666810714262,0.6582666844855792,2.23606797749979,0.733718006337628,0.7955055363396962,3.0,111,91,case_00079,341
0.6413158192389519,0.5777647092109022,2.0,0.7535171451117517,0.5996926436611882,2.23606797749979,124,102,case_00079,346
5.064352368696727,0.9919244089366251,6.708203932499369,6.125854799943529,2.0273792458177273,10.0,11,19,case_00086,417
1.9355394453374841,1.973573257664572,7.0,1.7625739543471628,1.7291926581515993,7.0,93,92,case_00113,340
0.6621557519906307,0.6083258981858284,2.0,0.7454897399196617,0.6375807389012874,2.23606797749979,106,94,case_00113,434
0.43702476657904277,0.5079261218260662,1.4142135623730951,0.5172493124976055,0.5798506131982742,2.0,53,49,case_00133,132
0.5281598098012452,0.5445978182622808,2.0,0.6268910443586669,0.5683810352386409,2.0,162,139,case_00079,412
0.5702152306230784,0.5923773533767462,2.0,0.6983258134555596,0.7246803233717222,3.1622776601683795,78,71,case_00133,155
0.769783649173752,0.6892029461866146,2.8284271247461903,0.814442261514973,0.7378861771645977,3.1622776601683795,77,74,case_00133,149
0.6953207397658053,0.5940477297449843,2.0,0.7155547823547407,0.6024793386077731,2.0,56,55,case_00154,320
0.8251269068069026,0.6031653544477915,3.0,0.9316409640549723,0.6480153562790851,3.1622776601683795,132,112,case_00134,344
2.101565497841607,2.3503792615949286,9.848857801796104,1.0635464277274358,0.9566747681225055,4.123105625617661,151,186,case_00102,303
0.6363636363636364,0.5677270907634908,2.0,0.6387720743987189,0.5948739352779877,2.0,21,22,case_00194,160
1.0664890857648457,1.011768182662323,5.0,1.320819618078058,1.4357290445767645,8.06225774829855,170,149,case_00102,408
0.7982022538821829,0.7920790938597365,7.0,1.2473463352095944,1.44932307524908,7.810249675906654,195,155,case_00102,309
0.843813430984835,0.7622155366186455,3.0,1.0630499867695224,0.9683145454668394,4.0,192,157,case_00113,383
0.4336283185840708,0.7743236408576056,3.0,0.40424932954303594,0.663348140440655,3.0,116,113,case_00134,361
